pos_ref,res_ref,res_query,flux_ref_avg,flux_query_avg,delta_flux,abs_delta_flux,KLdivergence,chain,zero_line,KL_upper,KL_lower,d_value,p_value,d_color
1,SER,SER,2.88496857855362,2.19022743142145,-0.694741147132169,0.694741147132169,-0.17,A,0,2.19022743142145,2.71496857855362,0.53383,1.000916E-15,0.001
2,THR,THR,2.383489,1.77839425,-0.605094749999999,0.605094749999999,-1.709166,A,0,1.77839425,0.674323,0.515,1.000916E-15,0.001
3,ILE,ILE,2.11949175,1.6009305,-0.51856125,0.51856125,-1.578854,A,0,1.6009305,0.54063775,0.465,1.000916E-15,0.001
4,GLU,GLU,2.01394825,1.50299425,-0.510954000000001,0.510954000000001,-1.743694,A,0,1.50299425,0.27025425,0.5125,1.000916E-15,0.001
5,GLU,GLU,2.08270925,1.49469675,-0.588012500000002,0.588012500000002,-2.132602,A,0,1.49469675,-0.04989275,0.55,1.000916E-15,0.001
6,GLN,GLN,2.01103575,1.44512825,-0.5659075,0.5659075,-1.993644,A,0,1.44512825,0.01739175,0.55,1.000916E-15,0.001
7,ALA,ALA,1.819055,1.35965025,-0.45940475,0.45940475,-1.597436,A,0,1.35965025,0.221619,0.5325,1.000916E-15,0.001
8,LYS,LYS,1.83510775,1.3359885,-0.499119249999999,0.499119249999999,-2.081389,A,0,1.3359885,-0.24628125,0.5625,1.000916E-15,0.001
9,THR,THR,1.922689,1.3442895,-0.578399499999999,0.578399499999999,-2.564051,A,0,1.3442895,-0.641362,0.6,1.000916E-15,0.001
10,PHE,PHE,1.78871475,1.29919775,-0.489517,0.489517,-1.942426,A,0,1.29919775,-0.15371125,0.57,1.000916E-15,0.001
11,LEU,LEU,1.667862,1.24476325,-0.423098750000001,0.423098750000001,-1.901907,A,0,1.24476325,-0.234045,0.52,1.000916E-15,0.001
12,ASP,ASP,1.79079075,1.289093,-0.501697749999999,0.501697749999999,-2.360294,A,0,1.289093,-0.56950325,0.595,1.000916E-15,0.001
13,LYS,LYS,1.8193805,1.29409775,-0.52528275,0.52528275,-2.354171,A,0,1.29409775,-0.5347905,0.6025,1.000916E-15,0.001
14,PHE,PHE,1.648501,1.2190395,-0.429461499999999,0.429461499999999,-1.955367,A,0,1.2190395,-0.306866,0.5725,1.000916E-15,0.001
15,ASN,ASN,1.6542655,1.205322,-0.448943499999999,0.448943499999999,-2.327415,A,0,1.205322,-0.6731495,0.6325,1.000916E-15,0.001
16,HIE,HID,1.76840125,1.2483805,-0.52002075,0.52002075,-2.886616,A,0,1.2483805,-1.11821475,0.625,1.000916E-15,0.001
17,GLU,GLU,1.69089625,1.24259325,-0.448303000000001,0.448303000000001,-2.171566,A,0,1.24259325,-0.48066975,0.5775,1.000916E-15,0.001
18,ALA,ALA,1.569749,1.207475,-0.362274000000001,0.362274000000001,-1.595717,A,0,1.207475,-0.025968,0.485,1.000916E-15,0.001
19,GLU,GLU,1.5716835,1.21577475,-0.35590875,0.35590875,-1.684279,A,0,1.21577475,-0.1125955,0.48,1.000916E-15,0.001
20,ASP,ASP,1.63602925,1.24307475,-0.392954499999998,0.392954499999998,-1.715982,A,0,1.24307475,-0.07995275,0.485,1.000916E-15,0.001
21,LEU,LEU,1.59070725,1.23288825,-0.357819,0.357819,-1.689883,A,0,1.23288825,-0.09917575,0.4875,1.000916E-15,0.001
22,PHE,PHE,1.4790555,1.17537825,-0.303677250000001,0.303677250000001,-1.805036,A,0,1.17537825,-0.3259805,0.485,1.000916E-15,0.001
23,TYR,TYR,1.5180385,1.17073025,-0.347308249999999,0.347308249999999,-1.953377,A,0,1.17073025,-0.4353385,0.4975,1.000916E-15,0.001
24,GLN,GLN,1.61192625,1.246648,-0.36527825,0.36527825,-1.778792,A,0,1.246648,-0.16686575,0.5025,1.000916E-15,0.001
25,SER,SER,1.53745675,1.2359425,-0.30151425,0.30151425,-1.62889,A,0,1.2359425,-0.09143325,0.47,1.000916E-15,0.001
26,SER,SER,1.47086175,1.1996455,-0.27121625,0.27121625,-1.354611,A,0,1.1996455,0.11625075,0.4,1.000916E-15,0.001
27,LEU,LEU,1.57196825,1.25539025,-0.316578,0.316578,-1.301585,A,0,1.25539025,0.27038325,0.415,1.000916E-15,0.001
28,ALA,ALA,1.62313925,1.30911425,-0.314025,0.314025,-1.373777,A,0,1.30911425,0.24936225,0.42,1.000916E-15,0.001
29,SER,SER,1.532676,1.27658275,-0.256093250000001,0.256093250000001,-1.046145,A,0,1.27658275,0.486531,0.3625,1.000916E-15,0.001
30,TRP,TRP,1.553979,1.28887425,-0.265104749999999,0.265104749999999,-1.053267,A,0,1.28887425,0.500712,0.375,1.000916E-15,0.001
31,ASN,ASN,1.68035275,1.3806915,-0.29966125,0.29966125,-0.9467427,A,0,1.3806915,0.73361005,0.37,1.000916E-15,0.001
32,TYR,TYR,1.6750255,1.404107,-0.2709185,0.2709185,-0.9424712,A,0,1.404107,0.7325543,0.3625,1.000916E-15,0.001
33,ASN,ASN,1.627472,1.3805595,-0.246912499999999,0.246912499999999,-0.705201,A,0,1.3805595,0.922271,0.295,6.522423E-15,0.001
34,THR,THR,1.7404495,1.46147925,-0.278970249999999,0.278970249999999,-0.7413582,A,0,1.46147925,0.9990913,0.31,1.000916E-15,0.001
35,ASN,ASN,1.83149975,1.546033,-0.285466749999999,0.285466749999999,-0.721032,A,0,1.546033,1.11046775,0.3325,1.000916E-15,0.001
36,ILE,ILE,1.9444905,1.705229,-0.239261500000002,0.239261500000002,-0.3569302,A,0,1.705229,1.5875603,0.24,5.087931E-10,0.001
37,THR,THR,2.03420325,1.7188745,-0.315328749999999,0.315328749999999,-0.6239705,A,0,1.7188745,1.41023275,0.325,1.000916E-15,0.001
38,GLU,GLU,2.17432875,1.8375955,-0.336733250000001,0.336733250000001,-0.7717781,A,0,1.8375955,1.40255065,0.335,1.000916E-15,0.001
39,GLU,GLU,2.12777275,1.764401,-0.36337175,0.36337175,-0.807037,A,0,1.764401,1.32073575,0.345,1.000916E-15,0.001
40,ASN,ASN,1.904595,1.568382,-0.336213000000001,0.336213000000001,-0.8321054,A,0,1.568382,1.0724896,0.355,1.000916E-15,0.001
41,VAL,VAL,1.90246725,1.59327375,-0.3091935,0.3091935,-0.9711587,A,0,1.59327375,0.93130855,0.3525,1.000916E-15,0.001
42,GLN,GLN,1.99482375,1.650274,-0.344549750000002,0.344549750000002,-1.190557,A,0,1.650274,0.80426675,0.37,1.000916E-15,0.001
43,ASN,ASN,1.88319425,1.53598,-0.347214250000003,0.347214250000003,-0.9912986,A,0,1.53598,0.89189565,0.365,1.000916E-15,0.001
44,MET,MET,1.74524025,1.45307725,-0.292162999999999,0.292162999999999,-1.054669,A,0,1.45307725,0.69057125,0.36,1.000916E-15,0.001
45,ASN,ASN,1.8453435,1.5538645,-0.291479,0.291479,-0.9041288,A,0,1.5538645,0.9412147,0.335,1.000916E-15,0.001
46,ASN,ASN,1.8884635,1.55431275,-0.33415075,0.33415075,-0.882314,A,0,1.55431275,1.0061495,0.37,1.000916E-15,0.001
47,ALA,ALA,1.74399775,1.43179175,-0.312206000000001,0.312206000000001,-1.117071,A,0,1.43179175,0.62692675,0.405,1.000916E-15,0.001
48,GLY,GLY,1.714488,1.44822275,-0.266265250000001,0.266265250000001,-1.030416,A,0,1.44822275,0.684072,0.4025,1.000916E-15,0.001
49,ASP,ASP,1.81645525,1.51202875,-0.304426499999999,0.304426499999999,-1.002207,A,0,1.51202875,0.81424825,0.365,1.000916E-15,0.001
50,LYS,LYS,1.77931575,1.4408975,-0.338418250000002,0.338418250000002,-1.173933,A,0,1.4408975,0.60538275,0.415,1.000916E-15,0.001
51,TRP,TRP,1.64737,1.36437275,-0.28299725,0.28299725,-1.070479,A,0,1.36437275,0.576891,0.4,1.000916E-15,0.001
52,SER,SER,1.70457075,1.444092,-0.260478749999999,0.260478749999999,-0.7648196,A,0,1.444092,0.93975115,0.37,1.000916E-15,0.001
53,ALA,ALA,1.7970095,1.4799505,-0.317059000000003,0.317059000000003,-0.8940605,A,0,1.4799505,0.902949,0.3675,1.000916E-15,0.001
54,PHE,PHE,1.70016625,1.37804225,-0.322124,0.322124,-1.218184,A,0,1.37804225,0.48198225,0.4225,1.000916E-15,0.001
55,LEU,LEU,1.624576,1.362691,-0.261884999999999,0.261884999999999,-0.9684527,A,0,1.362691,0.6561233,0.39,1.000916E-15,0.001
56,LYS,LYS,1.7376025,1.44307425,-0.294528250000001,0.294528250000001,-0.9390198,A,0,1.44307425,0.7985827,0.37,1.000916E-15,0.001
57,GLU,GLU,1.79243575,1.44974625,-0.342689499999998,0.342689499999998,-1.136944,A,0,1.44974625,0.65549175,0.425,1.000916E-15,0.001
58,GLN,GLN,1.678401,1.36567475,-0.312726249999999,0.312726249999999,-1.032878,A,0,1.36567475,0.645523,0.4275,1.000916E-15,0.001
59,SER,SER,1.68441875,1.4017585,-0.28266025,0.28266025,-0.7929873,A,0,1.4017585,0.89143145,0.39,1.000916E-15,0.001
60,THR,THR,1.8481675,1.51365825,-0.334509250000002,0.334509250000002,-0.9241752,A,0,1.51365825,0.9239923,0.4025,1.000916E-15,0.001
61,LEU,LEU,1.8462765,1.48059675,-0.365679749999999,0.365679749999999,-1.143128,A,0,1.48059675,0.7031485,0.4475,1.000916E-15,0.001
62,ALA,ALA,1.742901,1.42868425,-0.314216749999999,0.314216749999999,-0.9323257,A,0,1.42868425,0.8105753,0.3975,1.000916E-15,0.001
63,GLN,GLN,1.9008025,1.5353915,-0.365410999999997,0.365410999999997,-0.9934072,A,0,1.5353915,0.9073953,0.42,1.000916E-15,0.001
64,MET,MET,2.035772,1.59976375,-0.436008249999999,0.436008249999999,-1.135278,A,0,1.59976375,0.900494,0.4425,1.000916E-15,0.001
65,TYR,TYR,1.93439775,1.57120025,-0.363197500000002,0.363197500000002,-1.011921,A,0,1.57120025,0.92247675,0.37,1.000916E-15,0.001
66,PRO,PRO,2.00337425,1.6560435,-0.34733075,0.34733075,-0.9156361,A,0,1.6560435,1.08773815,0.3175,1.000916E-15,0.001
67,LEU,LEU,1.95469525,1.62856225,-0.326132999999998,0.326132999999998,-0.8289558,A,0,1.62856225,1.12573945,0.3075,1.000916E-15,0.001
68,GLN,GLN,2.152109,1.80346225,-0.34864675,0.34864675,-0.7658198,A,0,1.80346225,1.3862892,0.3175,1.000916E-15,0.001
69,GLU,GLU,2.16120675,1.76343275,-0.397773999999998,0.397773999999998,-1.017593,A,0,1.76343275,1.14361375,0.365,1.000916E-15,0.001
70,ILE,ILE,2.02889525,1.64987775,-0.3790175,0.3790175,-1.052717,A,0,1.64987775,0.97617825,0.365,1.000916E-15,0.001
71,GLN,GLN,2.0619755,1.670143,-0.391832500000001,0.391832500000001,-1.03411,A,0,1.670143,1.0278655,0.3725,1.000916E-15,0.001
72,ASN,ASN,1.871968,1.4876325,-0.384335500000001,0.384335500000001,-1.08712,A,0,1.4876325,0.784848,0.4175,1.000916E-15,0.001
73,LEU,LEU,1.760933,1.40629775,-0.35463525,0.35463525,-1.247098,A,0,1.40629775,0.513835,0.43,1.000916E-15,0.001
74,THR,THR,1.6584645,1.33968225,-0.31878225,0.31878225,-1.192793,A,0,1.33968225,0.4656715,0.4475,1.000916E-15,0.001
75,VAL,VAL,1.615112,1.31786975,-0.297242249999999,0.297242249999999,-0.8760047,A,0,1.31786975,0.7391073,0.38,1.000916E-15,0.001
76,LYS,LYS,1.61307975,1.33736025,-0.275719500000001,0.275719500000001,-0.996089,A,0,1.33736025,0.61699075,0.3525,1.000916E-15,0.001
77,LEU,LEU,1.52843975,1.298834,-0.229605749999999,0.229605749999999,-0.890338,A,0,1.298834,0.63810175,0.3725,1.000916E-15,0.001
78,GLN,GLN,1.47492825,1.2603195,-0.214608750000001,0.214608750000001,-0.7494937,A,0,1.2603195,0.72543455,0.37,1.000916E-15,0.001
79,LEU,LEU,1.53082275,1.31002175,-0.220801,0.220801,-0.6775664,A,0,1.31002175,0.85325635,0.34,1.000916E-15,0.001
80,GLN,GLN,1.54403575,1.348011,-0.196024749999998,0.196024749999998,-0.7130442,A,0,1.348011,0.83099155,0.315,1.000916E-15,0.001
81,ALA,ALA,1.497318,1.32918125,-0.168136750000001,0.168136750000001,-0.5695299,A,0,1.32918125,0.9277881,0.3225,1.000916E-15,0.001
82,LEU,LEU,1.52670825,1.3359895,-0.19071875,0.19071875,-0.5769712,A,0,1.3359895,0.94973705,0.3125,1.000916E-15,0.001
83,GLN,GLN,1.63243375,1.45042525,-0.182008500000002,0.182008500000002,-0.4299761,A,0,1.45042525,1.20245765,0.28,1.836521E-13,0.001
84,GLN,GLN,1.6698995,1.5780435,-0.091856,0.091856,-0.2381141,A,0,1.5780435,1.4317854,0.1875,2.368835E-06,0.001
85,ASN,ASN,1.747962,1.68599675,-0.061965250000002,0.061965250000002,-0.2319668,A,0,1.68599675,1.5159952,0.1725,1.865081E-05,0.001
86,GLY,GLY,1.645049,1.60515775,-0.039891250000001,0.039891250000001,-0.1053091,A,0,1.60515775,1.5397399,0.1425,0.000730962,0.001
87,SER,SER,1.70404725,1.65509625,-0.048951,0.048951,-0.1449354,A,0,1.65509625,1.55911185,0.1625,6.777371E-05,0.001
88,SER,SER,1.82576925,1.73504325,-0.090726000000002,0.090726000000002,-0.1471151,A,0,1.73504325,1.67865415,0.185,3.386296E-06,0.001
89,VAL,VAL,1.82783425,1.6812685,-0.146565749999998,0.146565749999998,-0.2943046,A,0,1.6812685,1.53352965,0.2525,5.134769E-11,0.001
90,LEU,LEU,1.82707,1.700182,-0.126888000000001,0.126888000000001,-0.3165737,A,0,1.700182,1.5104963,0.2475,1.308908E-10,0.001
91,SER,SER,1.90687,1.78785475,-0.119015250000002,0.119015250000002,-0.2337216,A,0,1.78785475,1.6731484,0.235,1.266252E-09,0.001
92,GLU,GLU,1.96564675,1.86409175,-0.101555,0.101555,-0.1935868,A,0,1.86409175,1.77205995,0.1625,6.777371E-05,0.001
93,ASP,ASP,1.94325775,1.84212875,-0.101129,0.101129,-0.1771825,A,0,1.84212875,1.76607525,0.175,1.342052E-05,0.001
94,LYS,LYS,1.76970875,1.68166525,-0.0880435,0.0880435,-0.1494726,A,0,1.68166525,1.62023615,0.16,9.275007E-05,0.001
95,SER,SER,1.69246325,1.62569,-0.06677325,0.06677325,-0.168453,A,0,1.62569,1.52401025,0.18,6.806262E-06,0.001
96,LYS,LYS,1.735209,1.679949,-0.055260000000002,0.055260000000002,-0.1313811,A,0,1.679949,1.6038279,0.14,0.0009654955,0.001
97,ARG,ARG,1.680575,1.6251155,-0.055459500000002,0.055459500000002,-0.09876698,A,0,1.6251155,1.58180802,0.1425,0.000730962,0.001
98,LEU,LEU,1.569691,1.5172465,-0.0524445,0.0524445,-0.3094939,A,0,1.5172465,1.2601971,0.15,0.0003116373,0.001
99,ASN,ASN,1.58055775,1.55493825,-0.0256195,0.0256195,-0.1909438,A,0,1.55493825,1.38961395,0.0975,0.04990522,0.001
100,THR,THR,1.62855225,1.6016505,-0.026901749999999,0.026901749999999,-0.2151151,A,0,1.6016505,1.41343715,0.095,0.05982115,-0.001
101,ILE,ILE,1.53540175,1.5266215,-0.00878025,0.00878025,-0.090439,A,0,1.5266215,1.44496275,0.0775,0.1900473,-0.001
102,LEU,LEU,1.4560365,1.490169,0.034132499999999,0.034132499999999,0.07594201,A,0,1.56611101,1.4560365,0.1075,0.02236137,0.001
103,ASN,ASN,1.53625425,1.5738125,0.037558249999999,0.037558249999999,0.09225923,A,0,1.66607173,1.53625425,0.1225,0.005801614,0.001
104,THR,THR,1.552853,1.58646375,0.03361075,0.03361075,0.1733362,A,0,1.75979995,1.552853,0.12,0.00736469,0.001
105,MET,MET,1.45255325,1.51586225,0.063308999999999,0.063308999999999,0.07359312,A,0,1.58945537,1.45255325,0.1475,0.0004187121,0.001
106,SER,SER,1.45394,1.58192525,0.12798525,0.12798525,0.1828145,A,0,1.76473975,1.45394,0.23,3.007938E-09,0.001
107,THR,THR,1.571191,1.671965,0.100774000000001,0.100774000000001,0.1121214,A,0,1.7840864,1.571191,0.2125,5.413194E-08,0.001
108,ILE,ILE,1.5751605,1.6195995,0.044439000000001,0.044439000000001,0.04974879,A,0,1.66934829,1.5751605,0.1325,0.002142476,0.001
109,TYR,TYR,1.4977725,1.62039875,0.122626250000001,0.122626250000001,0.1649728,A,0,1.78537155,1.4977725,0.1975,5.498634E-07,0.001
110,SER,SER,1.59979875,1.7403855,0.14058675,0.14058675,0.1841033,A,0,1.9244888,1.59979875,0.215,3.622593E-08,0.001
111,THR,THR,1.70871575,1.784966,0.076250250000002,0.076250250000002,0.1117204,A,0,1.8966864,1.70871575,0.1525,0.0002317919,0.001
112,GLY,GLY,1.68518875,1.73706075,0.051872,0.051872,0.07727589,A,0,1.81433664,1.68518875,0.115,0.01164279,0.001
113,LYS,LYS,1.749622,1.78760125,0.037979250000001,0.037979250000001,0.177361,A,0,1.96496225,1.749622,0.095,0.05982115,-0.001
114,VAL,VAL,1.831643,1.805769,-0.025874000000003,0.025874000000003,-0.1747328,A,0,1.805769,1.6569102,0.0575,0.5282176,-0.001
115,CYX,CYX,1.9991975,2.057283,0.058085499999997,0.058085499999997,0.005618519,A,0,2.062901519,1.9991975,0.08,0.162977,-0.001
116,ASN,ASN,2.2503485,2.471607,0.221258500000001,0.221258500000001,0.1417146,A,0,2.6133216,2.2503485,0.1675,3.597526E-05,0.001
117,PRO,PRO,2.5483255,3.1056885,0.557363000000001,0.557363000000001,0.8308753,A,0,3.9365638,2.5483255,0.4225,1.000916E-15,0.001
118,ASP,ASP,2.77427175,3.32663175,0.552359999999998,0.552359999999998,0.7173885,A,0,4.04402025,2.77427175,0.3525,1.000916E-15,0.001
119,ASN,ASN,2.5315185,2.920168,0.388649499999996,0.388649499999996,0.496041,A,0,3.416209,2.5315185,0.275,5.43105E-13,0.001
120,PRO,PRO,2.499095,2.9360865,0.436991500000002,0.436991500000002,0.8155243,A,0,3.7516108,2.499095,0.34,1.000916E-15,0.001
121,GLN,GLN,2.6823115,2.93829775,0.255986249999998,0.255986249999998,0.2640041,A,0,3.20230185,2.6823115,0.22,1.601212E-08,0.001
122,GLU,GLU,2.48379875,2.515766,0.031967249999997,0.031967249999997,0.03131368,A,0,2.54707968,2.48379875,0.075,0.2202063,-0.001
123,CYX,CYX,2.21308225,2.1167455,-0.096336749999997,0.096336749999997,-0.07286158,A,0,2.1167455,2.14022067,0.095,0.05982115,-0.001
124,LEU,LEU,2.0933655,1.854267,-0.2390985,0.2390985,-0.2410407,A,0,1.854267,1.8523248,0.2125,5.413194E-08,0.001
125,LEU,LEU,2.07361325,1.790516,-0.283097250000001,0.283097250000001,-0.3589015,A,0,1.790516,1.71471175,0.2775,3.186132E-13,0.001
126,LEU,LEU,1.94281725,1.8333275,-0.109489750000001,0.109489750000001,-0.1413124,A,0,1.8333275,1.80150485,0.145,0.0005563916,0.001
127,GLU,GLU,1.89497225,1.7976485,-0.097323750000002,0.097323750000002,-0.2125696,A,0,1.7976485,1.68240265,0.1425,0.000730962,0.001
128,PRO,PRO,2.0078955,1.88679825,-0.12109725,0.12109725,-0.2363906,A,0,1.88679825,1.7715049,0.1875,2.368835E-06,0.001
129,GLY,GLY,1.83355425,1.905923,0.072368749999999,0.072368749999999,0.2083884,A,0,2.1143114,1.83355425,0.1425,0.000730962,0.001
130,LEU,LEU,1.638928,1.696603,0.057675,0.057675,0.1495826,A,0,1.8461856,1.638928,0.165,4.949853E-05,0.001
131,ASN,ASN,1.608474,1.634808,0.026334,0.026334,0.1481722,A,0,1.7829802,1.608474,0.13,0.002768593,0.001
132,GLU,GLU,1.72527375,1.726231,0.000957250000001,0.000957250000001,0.1366386,A,0,1.8628696,1.72527375,0.0825,0.1395979,-0.001
133,ILE,ILE,1.7415475,1.670643,-0.070904499999998,0.070904499999998,-0.1397785,A,0,1.670643,1.601769,0.11,0.01808591,0.001
134,MET,MET,1.7350075,1.51739425,-0.21761325,0.21761325,-0.4369805,A,0,1.51739425,1.298027,0.22,1.601212E-08,0.001
135,ALA,ALA,1.851061,1.57405275,-0.277008249999997,0.277008249999997,-0.6532772,A,0,1.57405275,1.1977838,0.335,1.000916E-15,0.001
136,ASN,ASN,1.98989325,1.68034375,-0.309549500000002,0.309549500000002,-0.6569704,A,0,1.68034375,1.33292285,0.33,1.000916E-15,0.001
137,SER,SER,1.970618,1.662072,-0.308546,0.308546,-0.7583741,A,0,1.662072,1.2122439,0.29,1.980585E-14,0.001
138,LEU,LEU,2.052637,1.7470655,-0.3055715,0.3055715,-0.5582462,A,0,1.7470655,1.4943908,0.2525,5.134769E-11,0.001
139,ASP,ASP,1.939958,1.71759075,-0.222367249999998,0.222367249999998,-0.3300459,A,0,1.71759075,1.6099121,0.21,8.056149E-08,0.001
140,TYR,TYR,1.839685,1.6712185,-0.168466499999999,0.168466499999999,-0.2842916,A,0,1.6712185,1.5553934,0.1625,6.777371E-05,0.001
141,ASN,ASN,1.889923,1.7286095,-0.161313499999999,0.161313499999999,-0.2270714,A,0,1.7286095,1.6628516,0.1725,1.865081E-05,0.001
142,GLU,GLU,1.83809175,1.68073375,-0.157358,0.157358,-0.1172244,A,0,1.68073375,1.72086735,0.185,3.386296E-06,0.001
143,ARG,ARG,1.69045725,1.57447075,-0.115986500000002,0.115986500000002,-0.1346184,A,0,1.57447075,1.55583885,0.145,0.0005563916,0.001
144,LEU,LEU,1.69134725,1.6236345,-0.06771275,0.06771275,-0.2634453,A,0,1.6236345,1.42790195,0.11,0.01808591,0.001
145,TRP,TRP,1.7374135,1.67747075,-0.059942749999999,0.059942749999999,-0.1149801,A,0,1.67747075,1.6224334,0.0925,0.07149809,-0.001
146,ALA,ALA,1.64517075,1.6137015,-0.031469250000002,0.031469250000002,-0.06507304,A,0,1.6137015,1.58009771,0.0575,0.5282176,-0.001
147,TRP,TRP,1.54158875,1.50131575,-0.040273,0.040273,-0.1392504,A,0,1.50131575,1.40233835,0.08,0.162977,-0.001
148,GLU,GLU,1.61947,1.56645575,-0.053014249999999,0.053014249999999,-0.05308022,A,0,1.56645575,1.56638978,0.075,0.2202063,-0.001
149,SER,SER,1.6572455,1.6195965,-0.037649,0.037649,-0.01212978,A,0,1.6195965,1.64511572,0.1,0.0411139,0.001
150,TRP,TRP,1.536987,1.53603625,-0.00095075,0.00095075,-0.1045605,A,0,1.53603625,1.4324265,0.0675,0.3290779,-0.001
151,ARG,ARG,1.5615665,1.53715775,-0.024408749999999,0.024408749999999,-0.01638432,A,0,1.53715775,1.54518218,0.0575,0.5282176,-0.001
152,SER,SER,1.69674325,1.662757,-0.033986249999999,0.033986249999999,0.01797789,A,0,1.68073489,1.69674325,0.0475,0.7601508,-0.001
153,GLU,GLU,1.6633385,1.655769,-0.0075695,0.0075695,-0.004028416,A,0,1.655769,1.659310084,0.045,0.8140659,-0.001
154,VAL,VAL,1.52827275,1.560674,0.032401250000001,0.032401250000001,0.02377293,A,0,1.58444693,1.52827275,0.105,0.0274929,0.001
155,GLY,GLY,1.51434525,1.5255475,0.01120225,0.01120225,0.07387528,A,0,1.59942278,1.51434525,0.085,0.1190928,-0.001
156,LYS,LYS,1.62277775,1.58653325,-0.036244499999999,0.036244499999999,-0.07866489,A,0,1.58653325,1.54411286,0.0825,0.1395979,-0.001
157,GLN,GLN,1.6212015,1.5840625,-0.037139,0.037139,-0.08833429,A,0,1.5840625,1.53286721,0.0675,0.3290779,-0.001
158,LEU,LEU,1.5127665,1.49366125,-0.01910525,0.01910525,-0.07650127,A,0,1.49366125,1.43626523,0.0675,0.3290779,-0.001
159,ARG,ARG,1.54567725,1.52396075,-0.021716499999999,0.021716499999999,-0.3018315,A,0,1.52396075,1.24384575,0.09,0.08518015,-0.001
160,PRO,PRO,1.62032,1.5973855,-0.0229345,0.0229345,-0.1774329,A,0,1.5973855,1.4428871,0.095,0.05982115,-0.001
161,LEU,LEU,1.522317,1.50725175,-0.015065249999999,0.015065249999999,-0.07796811,A,0,1.50725175,1.44434889,0.0925,0.07149809,-0.001
162,TYR,TYR,1.45014975,1.4421075,-0.008042249999999,0.008042249999999,-0.0314192,A,0,1.4421075,1.41873055,0.0725,0.2532481,-0.001
163,GLU,GLU,1.55931625,1.5301905,-0.029125750000001,0.029125750000001,-0.06591812,A,0,1.5301905,1.49339813,0.09,0.08518015,-0.001
164,GLU,GLU,1.5666705,1.51999875,-0.046671749999999,0.046671749999999,-0.2200074,A,0,1.51999875,1.3466631,0.135,0.001653537,0.001
165,TYR,TYR,1.46733425,1.41917725,-0.048157,0.048157,-0.2658705,A,0,1.41917725,1.20146375,0.175,1.342052E-05,0.001
166,VAL,VAL,1.4675795,1.41332325,-0.054256250000001,0.054256250000001,-0.3947054,A,0,1.41332325,1.0728741,0.2075,1.197057E-07,0.001
167,VAL,VAL,1.56310275,1.4917685,-0.071334249999999,0.071334249999999,-0.192285,A,0,1.4917685,1.37081775,0.1975,5.498634E-07,0.001
168,LEU,LEU,1.534481,1.4592475,-0.0752335,0.0752335,-0.2668867,A,0,1.4592475,1.2675943,0.21,8.056149E-08,0.001
169,LYS,LYS,1.440302,1.3738325,-0.066469499999998,0.066469499999998,-0.2422132,A,0,1.3738325,1.1980888,0.2025,2.577529E-07,0.001
170,ASN,ASN,1.50948925,1.42797475,-0.081514500000001,0.081514500000001,-0.1647463,A,0,1.42797475,1.34474295,0.225,7.007912E-09,0.001
171,GLU,GLU,1.590393,1.504116,-0.086277,0.086277,-0.1826032,A,0,1.504116,1.4077898,0.195,7.923764E-07,0.001
172,MET,MET,1.5244735,1.4465815,-0.077892000000003,0.077892000000003,-0.3428542,A,0,1.4465815,1.1816193,0.185,3.386296E-06,0.001
173,ALA,ALA,1.50779425,1.4080885,-0.099705750000001,0.099705750000001,-0.2902087,A,0,1.4080885,1.21758555,0.215,3.622593E-08,0.001
174,ARG,ARG,1.64836425,1.525909,-0.12245525,0.12245525,-0.2245797,A,0,1.525909,1.42378455,0.21,8.056149E-08,0.001
175,ALA,ALA,1.687429,1.572635,-0.114794000000001,0.114794000000001,-0.2161959,A,0,1.572635,1.4712331,0.18,6.806262E-06,0.001
176,ASN,ASN,1.61537325,1.4890775,-0.126295750000001,0.126295750000001,-0.2672393,A,0,1.4890775,1.34813395,0.22,1.601212E-08,0.001
177,HIE,HIE,1.68432925,1.54475275,-0.139576500000001,0.139576500000001,-0.1813307,A,0,1.54475275,1.50299855,0.235,1.266252E-09,0.001
178,TYR,TYR,1.59663525,1.4493305,-0.14730475,0.14730475,-0.3369417,A,0,1.4493305,1.25969355,0.26,1.195973E-11,0.001
179,GLU,GLU,1.61651225,1.47264525,-0.143867,0.143867,-0.3292561,A,0,1.47264525,1.28725615,0.24,5.087931E-10,0.001
180,ASP,ASP,1.461648,1.3503915,-0.111256499999998,0.111256499999998,-0.2555748,A,0,1.3503915,1.2060732,0.225,7.007912E-09,0.001
181,TYR,TYR,1.34741225,1.27694425,-0.070468,0.070468,-0.2152665,A,0,1.27694425,1.13214575,0.2025,2.577529E-07,0.001
182,GLY,GLY,1.3123085,1.262891,-0.0494175,0.0494175,-0.3396339,A,0,1.262891,0.9726746,0.16,9.275007E-05,0.001
183,ASP,ASP,1.33459975,1.27494475,-0.059655000000002,0.059655000000002,-0.4913914,A,0,1.27494475,0.84320835,0.215,3.622593E-08,0.001
184,TYR,TYR,1.27379275,1.2347895,-0.039003250000001,0.039003250000001,-0.4027266,A,0,1.2347895,0.87106615,0.2,3.789819E-07,0.001
185,TRP,TRP,1.2365505,1.20797875,-0.028571749999999,0.028571749999999,-0.1541004,A,0,1.20797875,1.0824501,0.12,0.00736469,0.001
186,ARG,ARG,1.29176225,1.19479625,-0.096965999999999,0.096965999999999,-0.26008,A,0,1.19479625,1.03168225,0.22,1.601212E-08,0.001
187,GLY,GLY,1.33195275,1.224219,-0.107733750000001,0.107733750000001,-0.3239752,A,0,1.224219,1.00797755,0.2325,1.963663E-09,0.001
188,ASP,ASP,1.28754475,1.15246725,-0.135077499999999,0.135077499999999,-0.4623964,A,0,1.15246725,0.82514835,0.2575,1.973639E-11,0.001
189,TYR,TYR,1.30504125,1.18094525,-0.124096000000001,0.124096000000001,-0.3156408,A,0,1.18094525,0.98940045,0.24,5.087931E-10,0.001
190,GLU,GLU,1.4044165,1.24985075,-0.15456575,0.15456575,-0.532322,A,0,1.24985075,0.8720945,0.2725,9.214233E-13,0.001
191,VAL,VAL,1.50149775,1.3290755,-0.172422249999999,0.172422249999999,-0.3999177,A,0,1.3290755,1.10158005,0.26,1.195973E-11,0.001
192,ASN,ASN,1.71681225,1.527483,-0.189329250000003,0.189329250000003,-0.3043708,A,0,1.527483,1.41244145,0.2275,4.627498E-09,0.001
193,GLY,GLY,1.995661,1.7696285,-0.226032499999999,0.226032499999999,-0.3066751,A,0,1.7696285,1.6889859,0.24,5.087931E-10,0.001
194,VAL,VAL,1.83052325,1.6334845,-0.197038749999999,0.197038749999999,-0.4259798,A,0,1.6334845,1.40454345,0.2325,1.963663E-09,0.001
195,ASP,ASP,1.91854025,1.750164,-0.168376249999999,0.168376249999999,-0.2887567,A,0,1.750164,1.62978355,0.175,1.342052E-05,0.001
196,GLY,GLY,1.84607625,1.6846805,-0.161395750000003,0.161395750000003,-0.2066769,A,0,1.6846805,1.63939935,0.1675,3.597526E-05,0.001
197,TYR,TYR,1.5855795,1.4705735,-0.115005999999999,0.115005999999999,-0.2275126,A,0,1.4705735,1.3580669,0.16,9.275007E-05,0.001
198,ASP,ASP,1.56725,1.42760725,-0.13964275,0.13964275,-0.3556325,A,0,1.42760725,1.2116175,0.175,1.342052E-05,0.001
199,TYR,TYR,1.4979985,1.351397,-0.146601499999998,0.146601499999998,-0.4398482,A,0,1.351397,1.0581503,0.205,1.749548E-07,0.001
200,SER,SER,1.5119555,1.38454525,-0.127410249999999,0.127410249999999,-0.2644541,A,0,1.38454525,1.2475014,0.2175,2.430155E-08,0.001
201,ARG,ARG,1.51018675,1.3579395,-0.152247250000003,0.152247250000003,-0.3227873,A,0,1.3579395,1.18739945,0.2525,5.134769E-11,0.001
202,GLY,GLY,1.5957255,1.4103175,-0.185407999999999,0.185407999999999,-0.2997552,A,0,1.4103175,1.2959703,0.285,6.17456E-14,0.001
203,GLN,GLN,1.51722475,1.3687965,-0.14842825,0.14842825,-0.2919086,A,0,1.3687965,1.22531615,0.22,1.601212E-08,0.001
204,LEU,LEU,1.40648575,1.28432175,-0.122164,0.122164,-0.2828345,A,0,1.28432175,1.12365125,0.19,1.662281E-06,0.001
205,ILE,ILE,1.4810415,1.3428845,-0.138157,0.138157,-0.2502865,A,0,1.3428845,1.230755,0.22,1.601212E-08,0.001
206,GLU,GLU,1.525937,1.37995475,-0.145982250000001,0.145982250000001,-0.2692061,A,0,1.37995475,1.2567309,0.2075,1.197057E-07,0.001
207,ASP,ASP,1.42785275,1.29968875,-0.128163999999999,0.128163999999999,-0.218338,A,0,1.29968875,1.20951475,0.1875,2.368835E-06,0.001
208,VAL,VAL,1.358463,1.2481185,-0.110344499999999,0.110344499999999,-0.2501934,A,0,1.2481185,1.1082696,0.1775,9.591608E-06,0.001
209,GLU,GLU,1.468764,1.33334725,-0.13541675,0.13541675,-0.2323394,A,0,1.33334725,1.2364246,0.19,1.662281E-06,0.001
210,HIE,HIE,1.5224935,1.38416825,-0.138325249999999,0.138325249999999,-0.1773012,A,0,1.38416825,1.3451923,0.1875,2.368835E-06,0.001
211,THR,THR,1.418958,1.30616725,-0.11279075,0.11279075,-0.2496434,A,0,1.30616725,1.1693146,0.18,6.806262E-06,0.001
212,PHE,PHE,1.40417525,1.29741725,-0.106758,0.106758,-0.1832118,A,0,1.29741725,1.22096345,0.1825,4.818035E-06,0.001
213,GLU,GLU,1.50794025,1.3847665,-0.123173749999999,0.123173749999999,-0.0757413,A,0,1.3847665,1.43219895,0.1625,6.777371E-05,0.001
214,GLU,GLU,1.490048,1.36681925,-0.12322875,0.12322875,-0.1846754,A,0,1.36681925,1.3053726,0.2275,4.627498E-09,0.001
215,ILE,ILE,1.43196025,1.31422825,-0.117732000000001,0.117732000000001,-0.3564487,A,0,1.31422825,1.07551155,0.24,5.087931E-10,0.001
216,LYS,LYS,1.50060725,1.3641565,-0.136450749999999,0.136450749999999,-0.2872336,A,0,1.3641565,1.21337365,0.2225,1.068969E-08,0.001
217,PRO,PRO,1.5944245,1.43834425,-0.15608025,0.15608025,-0.232699,A,0,1.43834425,1.3617255,0.225,7.007912E-09,0.001
218,LEU,LEU,1.50315975,1.36446125,-0.1386985,0.1386985,-0.1871053,A,0,1.36446125,1.31605445,0.2275,4.627498E-09,0.001
219,TYR,TYR,1.438914,1.31692675,-0.12198725,0.12198725,-0.1220084,A,0,1.31692675,1.3169056,0.2075,1.197057E-07,0.001
220,GLU,GLU,1.54369875,1.39009125,-0.153607500000001,0.153607500000001,-0.1971638,A,0,1.39009125,1.34653495,0.225,7.007912E-09,0.001
221,HIE,HIE,1.58298875,1.4117045,-0.171284249999999,0.171284249999999,-0.2805519,A,0,1.4117045,1.30243685,0.23,3.007938E-09,0.001
222,LEU,LEU,1.50639575,1.35747175,-0.148923999999999,0.148923999999999,-0.2531101,A,0,1.35747175,1.25328565,0.1975,5.498634E-07,0.001
223,HID,HID,1.535363,1.36824975,-0.167113250000001,0.167113250000001,-0.1303437,A,0,1.36824975,1.4050193,0.2,3.789819E-07,0.001
224,ALA,ALA,1.645531,1.446188,-0.199342999999999,0.199342999999999,-0.2127158,A,0,1.446188,1.4328152,0.22,1.601212E-08,0.001
225,TYR,TYR,1.6300795,1.44036075,-0.18971875,0.18971875,-0.3111552,A,0,1.44036075,1.3189243,0.23,3.007938E-09,0.001
226,VAL,VAL,1.57967925,1.40727375,-0.1724055,0.1724055,-0.2807994,A,0,1.40727375,1.29887985,0.2575,1.973639E-11,0.001
227,ARG,ARG,1.6584635,1.458716,-0.199747500000001,0.199747500000001,-0.2170489,A,0,1.458716,1.4414146,0.25,8.237254E-11,0.001
228,ALA,ALA,1.75803875,1.53904175,-0.218997000000001,0.218997000000001,-0.3072704,A,0,1.53904175,1.45076835,0.27,1.556422E-12,0.001
229,LYS,LYS,1.731062,1.5396205,-0.191441499999999,0.191441499999999,-0.378976,A,0,1.5396205,1.352086,0.2475,1.308908E-10,0.001
230,LEU,LEU,1.73063225,1.542111,-0.18852125,0.18852125,-0.1885933,A,0,1.542111,1.54203895,0.21,8.056149E-08,0.001
231,MET,MET,1.868425,1.64886825,-0.21955675,0.21955675,-0.1814346,A,0,1.64886825,1.6869904,0.22,1.601212E-08,0.001
232,ASN,ASN,1.953963,1.7431685,-0.210794500000003,0.210794500000003,-0.1900391,A,0,1.7431685,1.7639239,0.215,3.622593E-08,0.001
233,ALA,ALA,1.895249,1.71120475,-0.184044249999998,0.184044249999998,-0.302358,A,0,1.71120475,1.592891,0.2,3.789819E-07,0.001
234,TYR,TYR,1.89868825,1.69951975,-0.1991685,0.1991685,-0.3992712,A,0,1.69951975,1.49941705,0.2225,1.068969E-08,0.001
235,PRO,PRO,2.061274,1.84181075,-0.219463250000001,0.219463250000001,-0.3634457,A,0,1.84181075,1.6978283,0.2475,1.308908E-10,0.001
236,SER,SER,2.140017,1.905172,-0.234844999999998,0.234844999999998,-0.2431587,A,0,1.905172,1.8968583,0.245,2.07214E-10,0.001
237,TYR,TYR,1.96944975,1.74387975,-0.225570000000002,0.225570000000002,-0.3885874,A,0,1.74387975,1.58086235,0.23,3.007938E-09,0.001
238,ILE,ILE,1.89990625,1.678898,-0.221008250000002,0.221008250000002,-0.28531,A,0,1.678898,1.61459625,0.23,3.007938E-09,0.001
239,SER,SER,1.90719325,1.668429,-0.23876425,0.23876425,-0.4320916,A,0,1.668429,1.47510165,0.2425,3.267261E-10,0.001
240,PRO,PRO,1.9321555,1.66854875,-0.263606749999999,0.263606749999999,-0.3661708,A,0,1.66854875,1.5659847,0.2625,7.17209E-12,0.001
241,ILE,ILE,1.8442905,1.61503875,-0.22925175,0.22925175,-0.2866558,A,0,1.61503875,1.5576347,0.2625,7.17209E-12,0.001
242,GLY,GLY,1.73647025,1.54464425,-0.191826,0.191826,-0.1785221,A,0,1.54464425,1.55794815,0.21,8.056149E-08,0.001
243,CYS,CYS,1.6423865,1.481411,-0.160975499999998,0.160975499999998,-0.2439895,A,0,1.481411,1.398397,0.205,1.749548E-07,0.001
244,LEU,LEU,1.54211775,1.4088385,-0.13327925,0.13327925,-0.2890096,A,0,1.4088385,1.25310815,0.195,7.923764E-07,0.001
245,PRO,PRO,1.54765275,1.42036225,-0.127290500000001,0.127290500000001,-0.1519051,A,0,1.42036225,1.39574765,0.17,2.596274E-05,0.001
246,ALA,ALA,1.465101,1.37113775,-0.093963249999998,0.093963249999998,-0.2112567,A,0,1.37113775,1.2538443,0.14,0.0009654955,0.001
247,HIE,HIE,1.5140165,1.4106105,-0.103406000000001,0.103406000000001,-0.1693231,A,0,1.4106105,1.3446934,0.1425,0.000730962,0.001
248,LEU,LEU,1.54030975,1.4146705,-0.125639250000001,0.125639250000001,-0.2028348,A,0,1.4146705,1.33747495,0.16,9.275007E-05,0.001
249,LEU,LEU,1.43803825,1.358048,-0.07999025,0.07999025,-0.2278859,A,0,1.358048,1.21015235,0.13,0.002768593,0.001
250,GLY,GLY,1.43911275,1.37102425,-0.068088499999999,0.068088499999999,-0.2316453,A,0,1.37102425,1.20746745,0.115,0.01164279,0.001
251,ASP,ASP,1.3488005,1.3123065,-0.036493999999999,0.036493999999999,-0.1526377,A,0,1.3123065,1.1961628,0.0975,0.04990522,0.001
252,MET,MET,1.334279,1.32438775,-0.00989125,0.00989125,-0.08259697,A,0,1.32438775,1.25168203,0.0675,0.3290779,-0.001
253,TRP,TRP,1.29582375,1.29426875,-0.001554999999999,0.001554999999999,-0.1541907,A,0,1.29426875,1.14163305,0.06,0.4755795,-0.001
254,GLY,GLY,1.3065545,1.32458075,0.018026250000002,0.018026250000002,0.1722767,A,0,1.49685745,1.3065545,0.13,0.002768593,0.001
255,ARG,ARG,1.229049,1.3234515,0.094402499999999,0.094402499999999,0.2935206,A,0,1.6169721,1.229049,0.2675,2.61711E-12,0.001
256,PHE,PHE,1.291346,1.27073075,-0.020615250000001,0.020615250000001,0.0014879,A,0,1.27221865,1.291346,0.065,0.3742349,-0.001
257,TRP,TRP,1.33458775,1.277005,-0.05758275,0.05758275,-0.306726,A,0,1.277005,1.02786175,0.1725,1.865081E-05,0.001
258,THR,THR,1.39375975,1.30069425,-0.093065499999999,0.093065499999999,-0.2167317,A,0,1.30069425,1.17702805,0.2175,2.430155E-08,0.001
259,ASN,ASN,1.48470125,1.35990225,-0.124799,0.124799,-0.2285494,A,0,1.35990225,1.25615185,0.2325,1.963663E-09,0.001
260,LEU,LEU,1.49135,1.3674635,-0.123886499999999,0.123886499999999,-0.2931633,A,0,1.3674635,1.1981867,0.2075,1.197057E-07,0.001
261,TYR,TYR,1.512102,1.39227425,-0.119827749999999,0.119827749999999,-0.2244218,A,0,1.39227425,1.2876802,0.225,7.007912E-09,0.001
262,SER,SER,1.66125625,1.52213725,-0.139119,0.139119,-0.247221,A,0,1.52213725,1.41403525,0.22,1.601212E-08,0.001
263,LEU,LEU,1.68730575,1.53675675,-0.150548999999998,0.150548999999998,-0.2880131,A,0,1.53675675,1.39929265,0.2075,1.197057E-07,0.001
264,THR,THR,1.6065205,1.46449275,-0.14202775,0.14202775,-0.4647639,A,0,1.46449275,1.1417566,0.255,3.242753E-11,0.001
265,VAL,VAL,1.67319325,1.51303975,-0.1601535,0.1601535,-0.3136639,A,0,1.51303975,1.35952935,0.2325,1.963663E-09,0.001
266,PRO,PRO,1.84860925,1.67815225,-0.170457000000001,0.170457000000001,-0.230991,A,0,1.67815225,1.61761825,0.24,5.087931E-10,0.001
267,PHE,PHE,1.91736175,1.69886525,-0.218496499999998,0.218496499999998,-0.3673437,A,0,1.69886525,1.55001805,0.25,8.237254E-11,0.001
268,GLY,GLY,2.1204145,1.7698615,-0.350553000000001,0.350553000000001,-0.6943531,A,0,1.7698615,1.4260614,0.4125,1.000916E-15,0.001
269,GLN,GLN,2.13031975,1.88703175,-0.243288,0.243288,-0.3208712,A,0,1.88703175,1.80944855,0.28,1.836521E-13,0.001
270,LYS,LYS,1.9702215,1.76689375,-0.20332775,0.20332775,-0.2495233,A,0,1.76689375,1.7206982,0.23,3.007938E-09,0.001
271,PRO,PRO,1.9865405,1.80530625,-0.18123425,0.18123425,-0.2440811,A,0,1.80530625,1.7424594,0.215,3.622593E-08,0.001
272,ASN,ASN,1.92304575,1.74658725,-0.176458500000001,0.176458500000001,-0.211702,A,0,1.74658725,1.71134375,0.1925,1.148912E-06,0.001
273,ILE,ILE,1.76677975,1.63862,-0.12815975,0.12815975,-0.1095222,A,0,1.63862,1.65725755,0.165,4.949853E-05,0.001
274,ASP,ASP,1.7653645,1.67505,-0.090314500000001,0.090314500000001,-0.09247322,A,0,1.67505,1.67289128,0.1125,0.01456633,0.001
275,VAL,VAL,1.72599425,1.57090825,-0.155086000000003,0.155086000000003,-0.234405,A,0,1.57090825,1.49158925,0.17,2.596274E-05,0.001
276,THR,THR,1.800716,1.634314,-0.166401999999997,0.166401999999997,-0.1007578,A,0,1.634314,1.6999582,0.17,2.596274E-05,0.001
277,ASP,ASP,1.96228325,1.76441875,-0.197864499999999,0.197864499999999,-0.1667846,A,0,1.76441875,1.79549865,0.1875,2.368835E-06,0.001
278,ALA,ALA,1.92714625,1.7287995,-0.198346750000002,0.198346750000002,-0.2382327,A,0,1.7287995,1.68891355,0.1925,1.148912E-06,0.001
279,MET,MET,1.8685315,1.67742025,-0.191111250000001,0.191111250000001,-0.149272,A,0,1.67742025,1.7192595,0.2025,2.577529E-07,0.001
280,VAL,VAL,2.03576725,1.8535885,-0.182178749999999,0.182178749999999,-0.06125797,A,0,1.8535885,1.97450928,0.195,7.923764E-07,0.001
281,ASP,ASP,2.17016875,1.99008525,-0.1800835,0.1800835,-0.08496796,A,0,1.99008525,2.08520079,0.1825,4.818035E-06,0.001
282,GLN,GLN,2.08705125,1.89123225,-0.195818999999998,0.195818999999998,-0.2504113,A,0,1.89123225,1.83663995,0.2275,4.627498E-09,0.001
283,ALA,ALA,2.05080425,1.84559525,-0.205209000000003,0.205209000000003,-0.3090036,A,0,1.84559525,1.74180065,0.235,1.266252E-09,0.001
284,TRP,TRP,1.87601975,1.677624,-0.198395749999999,0.198395749999999,-0.2588029,A,0,1.677624,1.61721685,0.2375,8.062485E-10,0.001
285,ASP,ASP,1.75105675,1.584734,-0.16632275,0.16632275,-0.2078624,A,0,1.584734,1.54319435,0.1975,5.498634E-07,0.001
286,ALA,ALA,1.67897225,1.530764,-0.148208250000001,0.148208250000001,-0.3116418,A,0,1.530764,1.36733045,0.205,1.749548E-07,0.001
287,GLN,GLN,1.698338,1.4797485,-0.218589499999999,0.218589499999999,-0.5204769,A,0,1.4797485,1.1778611,0.2475,1.308908E-10,0.001
288,ARG,ARG,1.6682365,1.44330775,-0.224928749999999,0.224928749999999,-0.5211467,A,0,1.44330775,1.1470898,0.2475,1.308908E-10,0.001
289,ILE,ILE,1.54825775,1.36151625,-0.186741499999999,0.186741499999999,-0.4023837,A,0,1.36151625,1.14587405,0.2425,3.267261E-10,0.001
290,PHE,PHE,1.5083795,1.3207825,-0.187597000000002,0.187597000000002,-0.5470031,A,0,1.3207825,0.9613764,0.245,2.07214E-10,0.001
291,LYS,LYS,1.58865625,1.368656,-0.220000250000002,0.220000250000002,-0.640175,A,0,1.368656,0.94848125,0.2425,3.267261E-10,0.001
292,GLU,GLU,1.55646725,1.35564725,-0.200820000000001,0.200820000000001,-0.4940693,A,0,1.35564725,1.06239795,0.2375,8.062485E-10,0.001
293,ALA,ALA,1.44988275,1.278001,-0.171881749999999,0.171881749999999,-0.3105678,A,0,1.278001,1.13931495,0.215,3.622593E-08,0.001
294,GLU,GLU,1.48872925,1.29474125,-0.193988,0.193988,-0.5354049,A,0,1.29474125,0.95332435,0.25,8.237254E-11,0.001
295,LYS,LYS,1.56024425,1.34545525,-0.214788999999998,0.214788999999998,-0.5944855,A,0,1.34545525,0.96575875,0.265,4.35459E-12,0.001
296,PHE,PHE,1.477287,1.2925995,-0.184687500000001,0.184687500000001,-0.4282522,A,0,1.2925995,1.0490348,0.2525,5.134769E-11,0.001
297,PHE,PHE,1.4348755,1.2521605,-0.182715000000002,0.182715000000002,-0.5133959,A,0,1.2521605,0.9214796,0.295,6.522423E-15,0.001
298,VAL,VAL,1.55003,1.32986575,-0.220164250000001,0.220164250000001,-0.5584985,A,0,1.32986575,0.9915315,0.3075,1.000916E-15,0.001
299,SER,SER,1.58468125,1.37291775,-0.2117635,0.2117635,-0.4789336,A,0,1.37291775,1.10574765,0.2625,7.17209E-12,0.001
300,VAL,VAL,1.51760125,1.3370475,-0.180553750000001,0.180553750000001,-0.3369037,A,0,1.3370475,1.18069755,0.2475,1.308908E-10,0.001
301,GLY,GLY,1.54098225,1.34184425,-0.199137999999999,0.199137999999999,-0.4757115,A,0,1.34184425,1.06527075,0.28,1.836521E-13,0.001
302,LEU,LEU,1.477161,1.292411,-0.184749999999999,0.184749999999999,-0.401326,A,0,1.292411,1.075835,0.305,1.000916E-15,0.001
303,PRO,PRO,1.489174,1.30117275,-0.18800125,0.18800125,-0.5205893,A,0,1.30117275,0.9685847,0.315,1.000916E-15,0.001
304,ASN,ASN,1.53776225,1.31991225,-0.217849999999999,0.217849999999999,-0.6129491,A,0,1.31991225,0.92481315,0.3225,1.000916E-15,0.001
305,MET,MET,1.5476285,1.3043665,-0.243261999999999,0.243261999999999,-0.7722403,A,0,1.3043665,0.7753882,0.365,1.000916E-15,0.001
306,THR,THR,1.60322225,1.298325,-0.304897249999999,0.304897249999999,-1.188562,A,0,1.298325,0.41466025,0.445,1.000916E-15,0.001
307,GLN,GLN,1.75564675,1.40426625,-0.3513805,0.3513805,-1.28467,A,0,1.40426625,0.47097675,0.4325,1.000916E-15,0.001
308,GLY,GLY,1.75047825,1.3903025,-0.36017575,0.36017575,-1.366005,A,0,1.3903025,0.38447325,0.4275,1.000916E-15,0.001
309,PHE,PHE,1.606682,1.29296075,-0.313721250000001,0.313721250000001,-1.194462,A,0,1.29296075,0.41222,0.4075,1.000916E-15,0.001
310,TRP,TRP,1.72180175,1.4080815,-0.313720249999999,0.313720249999999,-0.7498887,A,0,1.4080815,0.97191305,0.3925,1.000916E-15,0.001
311,GLU,GLU,1.77734475,1.46013375,-0.317211000000001,0.317211000000001,-0.8293898,A,0,1.46013375,0.94795495,0.38,1.000916E-15,0.001
312,ASN,ASN,1.63440525,1.36146325,-0.272941999999999,0.272941999999999,-0.788097,A,0,1.36146325,0.84630825,0.3525,1.000916E-15,0.001
313,SER,SER,1.597625,1.406923,-0.190701999999999,0.190701999999999,-0.4515322,A,0,1.406923,1.1460928,0.2625,7.17209E-12,0.001
314,MET,MET,1.546199,1.3673925,-0.178806500000001,0.178806500000001,-0.37463,A,0,1.3673925,1.171569,0.25,8.237254E-11,0.001
315,LEU,LEU,1.59169575,1.439747,-0.151948749999999,0.151948749999999,-0.5121244,A,0,1.439747,1.07957135,0.265,4.35459E-12,0.001
316,THR,THR,1.73045025,1.555425,-0.175025249999998,0.175025249999998,-0.2914611,A,0,1.555425,1.43898915,0.24,5.087931E-10,0.001
317,ASP,ASP,1.9145665,1.75035,-0.164216500000001,0.164216500000001,-0.1728174,A,0,1.75035,1.7417491,0.1725,1.865081E-05,0.001
318,PRO,PRO,2.19862875,2.057015,-0.14161375,0.14161375,0.02687246,A,0,2.08388746,2.19862875,0.135,0.001653537,0.001
319,GLY,GLY,2.293711,2.25375875,-0.039952250000002,0.039952250000002,0.02205369,A,0,2.27581244,2.293711,0.0725,0.2532481,-0.001
320,ASN,ASN,2.277634,2.20945175,-0.068182249999998,0.068182249999998,-0.1335949,A,0,2.20945175,2.1440391,0.085,0.1190928,-0.001
321,VAL,VAL,2.39370575,2.28795975,-0.105745999999999,0.105745999999999,-0.1139287,A,0,2.28795975,2.27977705,0.105,0.0274929,0.001
322,GLN,GLN,2.17638,2.094808,-0.081572,0.081572,-0.0120463,A,0,2.094808,2.1643337,0.0825,0.1395979,-0.001
323,LYS,LYS,2.00676075,1.83030225,-0.1764585,0.1764585,-0.2389613,A,0,1.83030225,1.76779945,0.1825,4.818035E-06,0.001
324,ALA,ALA,1.841137,1.5847535,-0.256383500000003,0.256383500000003,-0.4914477,A,0,1.5847535,1.3496893,0.265,4.35459E-12,0.001
325,VAL,VAL,1.65561375,1.435005,-0.220608750000003,0.220608750000003,-0.3773057,A,0,1.435005,1.27830805,0.2525,5.134769E-11,0.001
326,CYX,CYX,1.53080175,1.36330125,-0.167500499999999,0.167500499999999,-0.2464046,A,0,1.36330125,1.28439715,0.23,3.007938E-09,0.001
327,HIE,HIE,1.453017,1.31093375,-0.142083249999999,0.142083249999999,-0.1876617,A,0,1.31093375,1.2653553,0.25,8.237254E-11,0.001
328,PRO,PRO,1.34553775,1.23060025,-0.114937499999999,0.114937499999999,-0.3095662,A,0,1.23060025,1.03597155,0.265,4.35459E-12,0.001
329,THR,THR,1.3027605,1.206486,-0.0962745,0.0962745,-0.1672003,A,0,1.206486,1.1355602,0.225,7.007912E-09,0.001
330,ALA,ALA,1.28036625,1.19594275,-0.084423499999999,0.084423499999999,-0.2003968,A,0,1.19594275,1.07996945,0.195,7.923764E-07,0.001
331,TRP,TRP,1.31903725,1.15056275,-0.1684745,0.1684745,-0.5525035,A,0,1.15056275,0.76653375,0.295,6.522423E-15,0.001
332,ASP,ASP,1.376239,1.1471605,-0.2290785,0.2290785,-1.037816,A,0,1.1471605,0.338423,0.39,1.000916E-15,0.001
333,LEU,LEU,1.4821065,1.15684925,-0.325257249999998,0.325257249999998,-1.746941,A,0,1.15684925,-0.2648345,0.4925,1.000916E-15,0.001
334,GLY,GLY,1.53050325,1.14525025,-0.385252999999999,0.385252999999999,-2.409685,A,0,1.14525025,-0.87918175,0.575,1.000916E-15,0.001
335,LYS,LYS,1.67026375,1.15613175,-0.514132,0.514132,-3.626483,A,0,1.15613175,-1.95621925,0.7225,1.000916E-15,0.001
336,GLY,GLY,1.59501125,1.16023625,-0.434774999999999,0.434774999999999,-2.895665,A,0,1.16023625,-1.30065375,0.635,1.000916E-15,0.001
337,ASP,ASP,1.4846835,1.14345025,-0.341233250000001,0.341233250000001,-1.984172,A,0,1.14345025,-0.4994885,0.5375,1.000916E-15,0.001
338,PHE,PHE,1.406931,1.1523,-0.254631000000002,0.254631000000002,-0.9213768,A,0,1.1523,0.4855542,0.3875,1.000916E-15,0.001
339,ARG,ARG,1.35738025,1.18085475,-0.176525500000001,0.176525500000001,-0.6310285,A,0,1.18085475,0.72635175,0.2875,3.532105E-14,0.001
340,ILE,ILE,1.3864135,1.23020075,-0.156212750000001,0.156212750000001,-0.3650381,A,0,1.23020075,1.0213754,0.2325,1.963663E-09,0.001
341,LEU,LEU,1.400316,1.24990075,-0.150415250000001,0.150415250000001,-0.3652377,A,0,1.24990075,1.0350783,0.24,5.087931E-10,0.001
342,MET,MET,1.482097,1.32720075,-0.154896249999999,0.154896249999999,-0.2250669,A,0,1.32720075,1.2570301,0.21,8.056149E-08,0.001
343,CYX,CYX,1.590004,1.409372,-0.180632,0.180632,-0.2881413,A,0,1.409372,1.3018627,0.23,3.007938E-09,0.001
344,THR,THR,1.596084,1.42080075,-0.175283249999998,0.175283249999998,-0.253315,A,0,1.42080075,1.342769,0.2525,5.134769E-11,0.001
345,LYS,LYS,1.61318825,1.47566725,-0.137521,0.137521,-0.1915209,A,0,1.47566725,1.42166735,0.1925,1.148912E-06,0.001
346,VAL,VAL,1.6966,1.516231,-0.180368999999999,0.180368999999999,-0.4069827,A,0,1.516231,1.2896173,0.225,7.007912E-09,0.001
347,THR,THR,1.5740095,1.4266395,-0.14737,0.14737,-0.2499222,A,0,1.4266395,1.3240873,0.195,7.923764E-07,0.001
348,MET,MET,1.4911235,1.3668635,-0.12426,0.12426,-0.07816461,A,0,1.3668635,1.41295889,0.1625,6.777371E-05,0.001
349,ASP,ASP,1.41928775,1.31559025,-0.103697499999999,0.103697499999999,-0.1960237,A,0,1.31559025,1.22326405,0.1925,1.148912E-06,0.001
350,ASP,ASP,1.38873825,1.276674,-0.112064250000001,0.112064250000001,-0.2344526,A,0,1.276674,1.15428565,0.18,6.806262E-06,0.001
351,PHE,PHE,1.374108,1.24893425,-0.12517375,0.12517375,-0.1950897,A,0,1.24893425,1.1790183,0.1875,2.368835E-06,0.001
352,LEU,LEU,1.3057975,1.192075,-0.113722500000001,0.113722500000001,-0.2605755,A,0,1.192075,1.045222,0.2125,5.413194E-08,0.001
353,THR,THR,1.25781525,1.16755275,-0.090262499999999,0.090262499999999,-0.2216097,A,0,1.16755275,1.03620555,0.21,8.056149E-08,0.001
354,ALA,ALA,1.2816235,1.167762,-0.113861499999999,0.113861499999999,-0.3199166,A,0,1.167762,0.9617069,0.2275,4.627498E-09,0.001
355,HIE,HIE,1.244103,1.13078725,-0.113315750000001,0.113315750000001,-0.3204614,A,0,1.13078725,0.9236416,0.2175,2.430155E-08,0.001
356,HID,HID,1.159437,1.08106925,-0.078367750000002,0.078367750000002,-0.3550761,A,0,1.08106925,0.8043609,0.185,3.386296E-06,0.001
357,GLU,GLU,1.183938,1.0845795,-0.099358500000001,0.099358500000001,-0.3981815,A,0,1.0845795,0.7857565,0.215,3.622593E-08,0.001
358,MET,MET,1.228956,1.101637,-0.127319000000001,0.127319000000001,-0.4768677,A,0,1.101637,0.7520883,0.235,1.266252E-09,0.001
359,GLY,GLY,1.18860025,1.08630175,-0.102298500000001,0.102298500000001,-0.2869566,A,0,1.08630175,0.90164365,0.2275,4.627498E-09,0.001
360,HIE,HIE,1.16940825,1.063231,-0.10617725,0.10617725,-0.4354832,A,0,1.063231,0.73392505,0.2525,5.134769E-11,0.001
361,ILE,ILE,1.2251665,1.06703325,-0.158133249999999,0.158133249999999,-0.5920122,A,0,1.06703325,0.6331543,0.305,1.000916E-15,0.001
362,GLN,GLN,1.248679,1.0914345,-0.157244499999999,0.157244499999999,-0.5644294,A,0,1.0914345,0.6842496,0.3475,1.000916E-15,0.001
363,TYR,TYR,1.20158075,1.05976175,-0.141819000000001,0.141819000000001,-0.5712802,A,0,1.05976175,0.63030055,0.36,1.000916E-15,0.001
364,ASP,ASP,1.24118525,1.07586975,-0.165315500000001,0.165315500000001,-0.5592817,A,0,1.07586975,0.68190355,0.325,1.000916E-15,0.001
365,MET,MET,1.3332985,1.13272475,-0.200573750000001,0.200573750000001,-0.6644135,A,0,1.13272475,0.668885,0.335,1.000916E-15,0.001
366,ALA,ALA,1.343192,1.1347445,-0.208447499999998,0.208447499999998,-0.878281,A,0,1.1347445,0.464911,0.38,1.000916E-15,0.001
367,TYR,TYR,1.34719375,1.141799,-0.20539475,0.20539475,-0.7619275,A,0,1.141799,0.58526625,0.36,1.000916E-15,0.001
368,ALA,ALA,1.442289,1.23071025,-0.211578749999999,0.211578749999999,-0.8050367,A,0,1.23071025,0.6372523,0.3325,1.000916E-15,0.001
369,ALA,ALA,1.54026425,1.30479275,-0.235471499999998,0.235471499999998,-0.7568997,A,0,1.30479275,0.78336455,0.35,1.000916E-15,0.001
370,GLN,GLN,1.4495245,1.17687325,-0.272651250000001,0.272651250000001,-1.15588,A,0,1.17687325,0.2936445,0.405,1.000916E-15,0.001
371,PRO,PRO,1.4409485,1.1591605,-0.281788000000001,0.281788000000001,-1.20422,A,0,1.1591605,0.2367285,0.4375,1.000916E-15,0.001
372,PHE,PHE,1.378825,1.13342425,-0.245400750000001,0.245400750000001,-1.019508,A,0,1.13342425,0.359317,0.3975,1.000916E-15,0.001
373,LEU,LEU,1.369868,1.17904675,-0.19082125,0.19082125,-0.6341257,A,0,1.17904675,0.7357423,0.34,1.000916E-15,0.001
374,LEU,LEU,1.31676375,1.1034465,-0.213317250000001,0.213317250000001,-0.8760704,A,0,1.1034465,0.44069335,0.3675,1.000916E-15,0.001
375,ARG,ARG,1.270625,1.08742125,-0.183203750000001,0.183203750000001,-0.742918,A,0,1.08742125,0.527707,0.3125,1.000916E-15,0.001
376,ASN,ASN,1.19896375,1.06867175,-0.130292000000001,0.130292000000001,-0.5596063,A,0,1.06867175,0.63935745,0.29,1.980585E-14,0.001
377,GLY,GLY,1.18180375,1.096619,-0.085184749999999,0.085184749999999,-0.3400412,A,0,1.096619,0.84176255,0.2425,3.267261E-10,0.001
378,ALA,ALA,1.22413,1.11400825,-0.110121750000001,0.110121750000001,-0.3361373,A,0,1.11400825,0.8879927,0.235,1.266252E-09,0.001
379,ASN,ASN,1.14300825,1.0605665,-0.08244175,0.08244175,-0.265093,A,0,1.0605665,0.87791525,0.1925,1.148912E-06,0.001
380,GLU,GLU,1.130617,1.04192375,-0.088693249999999,0.088693249999999,-0.3340275,A,0,1.04192375,0.7965895,0.2125,5.413194E-08,0.001
381,GLY,GLY,1.09066425,1.0445755,-0.04608875,0.04608875,-0.05277997,A,0,1.0445755,1.03788428,0.1275,0.003574808,0.001
382,PHE,PHE,1.10454575,1.08189675,-0.022648999999999,0.022648999999999,-0.1223699,A,0,1.08189675,0.98217585,0.095,0.05982115,-0.001
383,HIE,HIE,1.10323,1.073266,-0.029963999999999,0.029963999999999,-0.03190838,A,0,1.073266,1.07132162,0.085,0.1190928,-0.001
384,GLU,GLU,1.0716375,1.03194,-0.0396975,0.0396975,-0.1378449,A,0,1.03194,0.9337926,0.1525,0.0002317919,0.001
385,ALA,ALA,1.08763575,1.0727695,-0.01486625,0.01486625,0.04426422,A,0,1.11703372,1.08763575,0.0725,0.2532481,-0.001
386,VAL,VAL,1.139551,1.0885535,-0.050997500000001,0.050997500000001,-0.04650036,A,0,1.0885535,1.09305064,0.1525,0.0002317919,0.001
387,GLY,GLY,1.13589825,1.0785815,-0.057316750000001,0.057316750000001,-0.01643346,A,0,1.0785815,1.11946479,0.145,0.0005563916,0.001
388,GLU,GLU,1.1447845,1.100128,-0.044656499999999,0.044656499999999,-0.1130448,A,0,1.100128,1.0317397,0.1225,0.005801614,0.001
389,ILE,ILE,1.22105325,1.1529125,-0.06814075,0.06814075,-0.08277222,A,0,1.1529125,1.13828103,0.15,0.0003116373,0.001
390,MET,MET,1.2736055,1.1632595,-0.110346000000001,0.110346000000001,-0.197983,A,0,1.1632595,1.0756225,0.215,3.622593E-08,0.001
391,SER,SER,1.287816,1.1742825,-0.113533500000001,0.113533500000001,-0.1430505,A,0,1.1742825,1.1447655,0.205,1.749548E-07,0.001
392,LEU,LEU,1.318483,1.2162105,-0.1022725,0.1022725,-0.1335919,A,0,1.2162105,1.1848911,0.205,1.749548E-07,0.001
393,SER,SER,1.3595725,1.250243,-0.109329499999998,0.109329499999998,-0.1593058,A,0,1.250243,1.2002667,0.1825,4.818035E-06,0.001
394,ALA,ALA,1.3807515,1.2815935,-0.099158,0.099158,-0.1447621,A,0,1.2815935,1.2359894,0.1525,0.0002317919,0.001
395,ALA,ALA,1.41025325,1.3334485,-0.07680475,0.07680475,-0.06172501,A,0,1.3334485,1.34852824,0.135,0.001653537,0.001
396,THR,THR,1.48652875,1.374866,-0.11166275,0.11166275,-0.1449081,A,0,1.374866,1.34162065,0.17,2.596274E-05,0.001
397,PRO,PRO,1.62510325,1.49632575,-0.128777500000002,0.128777500000002,-0.1380357,A,0,1.49632575,1.48706755,0.1725,1.865081E-05,0.001
398,LYS,LYS,1.66490475,1.51108775,-0.153816999999997,0.153816999999997,-0.260461,A,0,1.51108775,1.40444375,0.2,3.789819E-07,0.001
399,HIE,HIE,1.59232575,1.43832125,-0.1540045,0.1540045,-0.2687735,A,0,1.43832125,1.32355225,0.1975,5.498634E-07,0.001
400,LEU,LEU,1.63986175,1.486751,-0.15311075,0.15311075,-0.1272799,A,0,1.486751,1.51258185,0.175,1.342052E-05,0.001
401,LYS,LYS,1.77115825,1.60493025,-0.166228000000001,0.166228000000001,-0.1485364,A,0,1.60493025,1.62262185,0.1675,3.597526E-05,0.001
402,SER,SER,1.8112625,1.63734725,-0.173915250000003,0.173915250000003,-0.1088003,A,0,1.63734725,1.7024622,0.1775,9.591608E-06,0.001
403,ILE,ILE,1.80323725,1.62591825,-0.177319,0.177319,-0.1996537,A,0,1.62591825,1.60358355,0.1925,1.148912E-06,0.001
404,GLY,GLY,1.8897865,1.7102445,-0.179542000000002,0.179542000000002,-0.1518255,A,0,1.7102445,1.737961,0.1725,1.865081E-05,0.001
405,LEU,LEU,1.835183,1.672512,-0.162671,0.162671,-0.08597203,A,0,1.672512,1.74921097,0.1725,1.865081E-05,0.001
406,LEU,LEU,1.8718235,1.6947065,-0.177116999999998,0.177116999999998,-0.108012,A,0,1.6947065,1.7638115,0.2075,1.197057E-07,0.001
407,SER,SER,2.046403,1.84798225,-0.198420750000001,0.198420750000001,-0.1948031,A,0,1.84798225,1.8515999,0.2425,3.267261E-10,0.001
408,PRO,PRO,2.2591765,2.03946725,-0.219709249999999,0.219709249999999,-0.2203211,A,0,2.03946725,2.0388554,0.215,3.622593E-08,0.001
409,ASP,ASP,2.3054415,2.07721825,-0.228223250000001,0.228223250000001,-0.2296343,A,0,2.07721825,2.0758072,0.225,7.007912E-09,0.001
410,PHE,PHE,2.0825215,1.87643925,-0.206082249999999,0.206082249999999,-0.2627314,A,0,1.87643925,1.8197901,0.2425,3.267261E-10,0.001
411,GLN,GLN,2.02988475,1.80160775,-0.228277000000001,0.228277000000001,-0.433068,A,0,1.80160775,1.59681675,0.2975,3.892406E-15,0.001
412,GLU,GLU,1.95038925,1.7151515,-0.235237749999999,0.235237749999999,-0.4228322,A,0,1.7151515,1.52755705,0.3,1.960619E-15,0.001
413,ASP,ASP,1.86408925,1.672246,-0.191843250000001,0.191843250000001,-0.2962464,A,0,1.672246,1.56784285,0.2625,7.17209E-12,0.001
414,ASN,ASN,1.85412725,1.64905925,-0.205067999999999,0.205067999999999,-0.3251048,A,0,1.64905925,1.52902245,0.275,5.43105E-13,0.001
415,GLU,GLU,1.79238,1.6208435,-0.1715365,0.1715365,-0.4862345,A,0,1.6208435,1.3061455,0.245,2.07214E-10,0.001
416,THR,THR,1.6817535,1.527265,-0.1544885,0.1544885,-0.3353403,A,0,1.527265,1.3464132,0.2225,1.068969E-08,0.001
417,GLU,GLU,1.603916,1.4597185,-0.1441975,0.1441975,-0.2577499,A,0,1.4597185,1.3461661,0.22,1.601212E-08,0.001
418,ILE,ILE,1.5843325,1.445092,-0.1392405,0.1392405,-0.2675958,A,0,1.445092,1.3167367,0.205,1.749548E-07,0.001
419,ASN,ASN,1.5672325,1.41893825,-0.14829425,0.14829425,-0.2320924,A,0,1.41893825,1.3351401,0.24,5.087931E-10,0.001
420,PHE,PHE,1.47254825,1.3365635,-0.135984750000001,0.135984750000001,-0.2261454,A,0,1.3365635,1.24640285,0.2175,2.430155E-08,0.001
421,LEU,LEU,1.41239225,1.30182375,-0.110568500000002,0.110568500000002,-0.2455037,A,0,1.30182375,1.16688855,0.175,1.342052E-05,0.001
422,LEU,LEU,1.40205775,1.29196575,-0.110091999999999,0.110091999999999,-0.3265558,A,0,1.29196575,1.07550195,0.195,7.923764E-07,0.001
423,LYS,LYS,1.357352,1.25090175,-0.106450250000001,0.106450250000001,-0.3091,A,0,1.25090175,1.048252,0.2275,4.627498E-09,0.001
424,GLN,GLN,1.281504,1.20283625,-0.078667750000001,0.078667750000001,-0.2724274,A,0,1.20283625,1.0090766,0.1775,9.591608E-06,0.001
425,ALA,ALA,1.28329525,1.21190625,-0.071388999999999,0.071388999999999,-0.2903527,A,0,1.21190625,0.99294255,0.18,6.806262E-06,0.001
426,LEU,LEU,1.280528,1.2182105,-0.062317500000001,0.062317500000001,-0.2795758,A,0,1.2182105,1.0009522,0.1775,9.591608E-06,0.001
427,THR,THR,1.259624,1.1818025,-0.0778215,0.0778215,-0.2219843,A,0,1.1818025,1.0376397,0.205,1.749548E-07,0.001
428,ILE,ILE,1.21279125,1.161393,-0.05139825,0.05139825,-0.2625099,A,0,1.161393,0.95028135,0.155,0.0001718787,0.001
429,VAL,VAL,1.279205,1.2241265,-0.055078500000001,0.055078500000001,-0.07289221,A,0,1.2241265,1.20631279,0.1175,0.009285053,0.001
430,GLY,GLY,1.31398225,1.34812575,0.034143499999999,0.034143499999999,0.0150092,A,0,1.36313495,1.31398225,0.09,0.08518015,-0.001
431,THR,THR,1.15155875,1.16354775,0.011989,0.011989,0.2268328,A,0,1.39038055,1.15155875,0.135,0.001653537,0.001
432,LEU,LEU,1.14858125,1.1396115,-0.008969750000001,0.008969750000001,-0.1126912,A,0,1.1396115,1.03589005,0.0625,0.4232109,-0.001
433,PRO,PRO,1.21824275,1.173383,-0.04485975,0.04485975,-0.06347343,A,0,1.173383,1.15476932,0.0925,0.07149809,-0.001
434,PHE,PHE,1.17458825,1.14813375,-0.026454500000001,0.026454500000001,-0.04183413,A,0,1.14813375,1.13275412,0.0775,0.1900473,-0.001
435,THR,THR,1.12435025,1.12201225,-0.002338000000002,0.002338000000002,-0.1550275,A,0,1.12201225,0.96932275,0.0875,0.1013525,-0.001
436,TYR,TYR,1.18056525,1.1573885,-0.023176749999999,0.023176749999999,0.004125627,A,0,1.161514127,1.18056525,0.07,0.2907569,-0.001
437,MET,MET,1.2273655,1.19291825,-0.034447249999999,0.034447249999999,-0.07790095,A,0,1.19291825,1.14946455,0.1,0.0411139,0.001
438,LEU,LEU,1.190372,1.16730125,-0.023070750000002,0.023070750000002,-0.03958041,A,0,1.16730125,1.15079159,0.105,0.0274929,0.001
439,GLU,GLU,1.17793675,1.15277425,-0.0251625,0.0251625,-0.03592349,A,0,1.15277425,1.14201326,0.0925,0.07149809,-0.001
440,LYS,LYS,1.27337775,1.2282925,-0.045085249999999,0.045085249999999,-0.03018645,A,0,1.2282925,1.2431913,0.1175,0.009285053,0.001
441,TRP,TRP,1.30941825,1.25979725,-0.049620999999999,0.049620999999999,-0.1213715,A,0,1.25979725,1.18804675,0.125,0.004583976,0.001
442,ARG,ARG,1.27612,1.251891,-0.024229000000001,0.024229000000001,-0.05358308,A,0,1.251891,1.22253692,0.1,0.0411139,0.001
443,TRP,TRP,1.320309,1.2768105,-0.0434985,0.0434985,-0.06477338,A,0,1.2768105,1.25553562,0.135,0.001653537,0.001
444,MET,MET,1.4194575,1.34475125,-0.074706249999998,0.074706249999998,-0.1200368,A,0,1.34475125,1.2994207,0.1725,1.865081E-05,0.001
445,VAL,VAL,1.43740225,1.36567375,-0.071728500000001,0.071728500000001,-0.1696604,A,0,1.36567375,1.26774185,0.1875,2.368835E-06,0.001
446,PHE,PHE,1.45301125,1.37667025,-0.076341000000002,0.076341000000002,-0.1481777,A,0,1.37667025,1.30483355,0.19,1.662281E-06,0.001
447,LYS,LYS,1.57477925,1.45472175,-0.120057499999999,0.120057499999999,-0.2255922,A,0,1.45472175,1.34918705,0.225,7.007912E-09,0.001
448,GLY,GLY,1.67003775,1.5378085,-0.13222925,0.13222925,-0.1737804,A,0,1.5378085,1.49625735,0.23,3.007938E-09,0.001
449,GLU,GLU,1.70717525,1.58007925,-0.127095999999999,0.127095999999999,-0.1700007,A,0,1.58007925,1.53717455,0.2175,2.430155E-08,0.001
450,ILE,ILE,1.70696,1.58412025,-0.122839750000001,0.122839750000001,-0.2901645,A,0,1.58412025,1.4167955,0.2075,1.197057E-07,0.001
451,PRO,PRO,1.78866975,1.617802,-0.170867749999998,0.170867749999998,-0.3328056,A,0,1.617802,1.45586415,0.2675,2.61711E-12,0.001
452,LYS,LYS,1.80229375,1.61942575,-0.182867999999998,0.182867999999998,-0.4308206,A,0,1.61942575,1.37147315,0.2825,1.075153E-13,0.001
453,ASP,ASP,1.8491175,1.65882225,-0.190295250000001,0.190295250000001,-0.3064834,A,0,1.65882225,1.5426341,0.2575,1.973639E-11,0.001
454,GLN,GLN,1.7001115,1.54853125,-0.15158025,0.15158025,-0.2477029,A,0,1.54853125,1.4524086,0.245,2.07214E-10,0.001
455,TRP,TRP,1.5665945,1.4517925,-0.114802,0.114802,-0.1662046,A,0,1.4517925,1.4003899,0.1975,5.498634E-07,0.001
456,MET,MET,1.56710425,1.44730475,-0.119799500000002,0.119799500000002,-0.235047,A,0,1.44730475,1.33205725,0.1675,3.597526E-05,0.001
457,LYS,LYS,1.64549925,1.48726,-0.15823925,0.15823925,-0.3365048,A,0,1.48726,1.30899445,0.2125,5.413194E-08,0.001
458,LYS,LYS,1.556086,1.42731425,-0.128771750000001,0.128771750000001,-0.1184619,A,0,1.42731425,1.4376241,0.2025,2.577529E-07,0.001
459,TRP,TRP,1.44598925,1.3653865,-0.08060275,0.08060275,-0.1816487,A,0,1.3653865,1.26434055,0.155,0.0001718787,0.001
460,TRP,TRP,1.50488775,1.39246075,-0.112427,0.112427,-0.130187,A,0,1.39246075,1.37470075,0.18,6.806262E-06,0.001
461,GLU,GLU,1.56828125,1.4252455,-0.143035750000001,0.143035750000001,-0.1795858,A,0,1.4252455,1.38869545,0.2325,1.963663E-09,0.001
462,MET,MET,1.47658825,1.3571785,-0.11940975,0.11940975,-0.1580625,A,0,1.3571785,1.31852575,0.1975,5.498634E-07,0.001
463,LYS,LYS,1.4315625,1.33291775,-0.098644750000001,0.098644750000001,-0.2462736,A,0,1.33291775,1.1852889,0.185,3.386296E-06,0.001
464,ARG,ARG,1.53311575,1.40957675,-0.123539000000002,0.123539000000002,-0.1395831,A,0,1.40957675,1.39353265,0.2175,2.430155E-08,0.001
465,GLU,GLU,1.5533865,1.42255925,-0.13082725,0.13082725,-0.275421,A,0,1.42255925,1.2779655,0.2375,8.062485E-10,0.001
466,ILE,ILE,1.44156325,1.33412475,-0.1074385,0.1074385,-0.2585876,A,0,1.33412475,1.18297565,0.2125,5.413194E-08,0.001
467,VAL,VAL,1.40054475,1.30148125,-0.099063499999999,0.099063499999999,-0.1315118,A,0,1.30148125,1.26903295,0.2125,5.413194E-08,0.001
468,GLY,GLY,1.474926,1.3638845,-0.111041500000002,0.111041500000002,-0.03694696,A,0,1.3638845,1.43797904,0.1875,2.368835E-06,0.001
469,VAL,VAL,1.46885625,1.36959175,-0.0992645,0.0992645,-0.08887402,A,0,1.36959175,1.37998223,0.1775,9.591608E-06,0.001
470,VAL,VAL,1.5421445,1.420638,-0.121506499999998,0.121506499999998,-0.2554652,A,0,1.420638,1.2866793,0.195,7.923764E-07,0.001
471,GLU,GLU,1.650605,1.49234675,-0.15825825,0.15825825,-0.1247594,A,0,1.49234675,1.5258456,0.195,7.923764E-07,0.001
472,PRO,PRO,1.810452,1.58814225,-0.22230975,0.22230975,-0.1758293,A,0,1.58814225,1.6346227,0.2225,1.068969E-08,0.001
473,VAL,VAL,1.788903,1.609569,-0.179333999999999,0.179333999999999,-0.1995775,A,0,1.609569,1.5893255,0.21,8.056149E-08,0.001
474,PRO,PRO,1.84706175,1.674716,-0.172345749999998,0.172345749999998,-0.2305103,A,0,1.674716,1.61655145,0.1975,5.498634E-07,0.001
475,HID,HID,1.80639625,1.636275,-0.170121249999998,0.170121249999998,-0.1704715,A,0,1.636275,1.63592475,0.195,7.923764E-07,0.001
476,ASP,ASP,1.798654,1.60179375,-0.196860250000001,0.196860250000001,-0.3348845,A,0,1.60179375,1.4637695,0.2425,3.267261E-10,0.001
477,GLU,GLU,1.802772,1.620873,-0.181899000000001,0.181899000000001,-0.2141299,A,0,1.620873,1.5886421,0.245,2.07214E-10,0.001
478,THR,THR,1.73929625,1.6372075,-0.10208875,0.10208875,-0.2003376,A,0,1.6372075,1.53895865,0.18,6.806262E-06,0.001
479,TYR,TYR,1.69360175,1.540682,-0.152919749999999,0.152919749999999,-0.2385612,A,0,1.540682,1.45504055,0.2225,1.068969E-08,0.001
480,CYS,CYS,1.49142875,1.425841,-0.065587750000001,0.065587750000001,-0.061929,A,0,1.425841,1.42949975,0.1025,0.03377333,0.001
481,ASP,ASP,1.36211325,1.3513855,-0.01072775,0.01072775,-0.07165749,A,0,1.3513855,1.29045576,0.0475,0.7601508,-0.001
482,PRO,PRO,1.3129685,1.31186075,-0.001107749999999,0.001107749999999,-0.08200623,A,0,1.31186075,1.23096227,0.0425,0.8629,-0.001
483,ALA,ALA,1.3811945,1.342617,-0.038577500000001,0.038577500000001,-0.02137871,A,0,1.342617,1.35981579,0.07,0.2907569,-0.001
484,SER,SER,1.33988075,1.3443015,0.00442075,0.00442075,0.05911506,A,0,1.40341656,1.33988075,0.0475,0.7601508,-0.001
485,LEU,LEU,1.256657,1.28249225,0.025835250000001,0.025835250000001,0.1510177,A,0,1.43350995,1.256657,0.0875,0.1013525,-0.001
486,PHE,PHE,1.2215185,1.283475,0.061956500000001,0.061956500000001,0.08036611,A,0,1.36384111,1.2215185,0.1225,0.005801614,0.001
487,HID,HID,1.18931375,1.2811045,0.09179075,0.09179075,0.239895,A,0,1.5209995,1.18931375,0.15,0.0003116373,0.001
488,VAL,VAL,1.2243755,1.32498125,0.100605749999999,0.100605749999999,0.302836,A,0,1.62781725,1.2243755,0.195,7.923764E-07,0.001
489,SER,SER,1.29546525,1.3133545,0.017889250000001,0.017889250000001,0.008467051,A,0,1.321821551,1.29546525,0.0675,0.3290779,-0.001
490,ASN,ASN,1.23651875,1.202029,-0.034489749999998,0.034489749999998,-0.1159352,A,0,1.202029,1.12058355,0.11,0.01808591,0.001
491,ASP,ASP,1.1990195,1.18749325,-0.011526249999999,0.011526249999999,-0.1091878,A,0,1.18749325,1.0898317,0.085,0.1190928,-0.001
492,TYR,TYR,1.1230745,1.13416275,0.011088249999998,0.011088249999998,0.1275795,A,0,1.26174225,1.1230745,0.085,0.1190928,-0.001
493,SER,SER,1.07881425,1.078666,-0.000148249999999,0.000148249999999,-0.1301499,A,0,1.078666,0.94866435,0.08,0.162977,-0.001
494,PHE,PHE,1.042239,1.06096575,0.01872675,0.01872675,0.1591907,A,0,1.22015645,1.042239,0.0675,0.3290779,-0.001
495,ILE,ILE,1.0503985,1.0553915,0.004992999999999,0.004992999999999,0.1019384,A,0,1.1573299,1.0503985,0.0575,0.5282176,-0.001
496,ARG,ARG,1.0461075,1.02450575,-0.021601749999999,0.021601749999999,0.05206073,A,0,1.07656648,1.0461075,0.085,0.1190928,-0.001
497,TYR,TYR,1.06494075,1.05273425,-0.012206499999999,0.012206499999999,-0.08794776,A,0,1.05273425,0.97699299,0.075,0.2202063,-0.001
498,TYR,TYR,1.0677355,1.06517325,-0.00256225,0.00256225,0.01654016,A,0,1.08171341,1.0677355,0.0525,0.6453137,-0.001
499,THR,THR,1.0731105,1.0575395,-0.015571000000001,0.015571000000001,-0.06069536,A,0,1.0575395,1.01241514,0.0825,0.1395979,-0.001
500,ARG,ARG,1.0611535,1.0358425,-0.025311,0.025311,0.02406813,A,0,1.05991063,1.0611535,0.0725,0.2532481,-0.001
501,THR,THR,1.12285325,1.0862975,-0.03655575,0.03655575,0.03656093,A,0,1.12285843,1.12285325,0.1075,0.02236137,0.001
502,LEU,LEU,1.1621865,1.12827025,-0.033916250000001,0.033916250000001,-0.1082535,A,0,1.12827025,1.053933,0.0825,0.1395979,-0.001
503,TYR,TYR,1.14405725,1.1144305,-0.02962675,0.02962675,-0.1600143,A,0,1.1144305,0.98404295,0.0675,0.3290779,-0.001
504,GLN,GLN,1.15542375,1.110915,-0.044508750000001,0.044508750000001,-0.08060833,A,0,1.110915,1.07481542,0.095,0.05982115,-0.001
505,PHE,PHE,1.229538,1.17146225,-0.05807575,0.05807575,-0.1126515,A,0,1.17146225,1.1168865,0.1075,0.02236137,0.001
506,GLN,GLN,1.2731365,1.2039375,-0.069198999999999,0.069198999999999,-0.1656361,A,0,1.2039375,1.1075004,0.125,0.004583976,0.001
507,PHE,PHE,1.272479,1.19728325,-0.075195750000002,0.075195750000002,-0.004043706,A,0,1.19728325,1.268435294,0.1175,0.009285053,0.001
508,GLN,GLN,1.30861675,1.2245655,-0.084051250000001,0.084051250000001,-0.1171285,A,0,1.2245655,1.19148825,0.1425,0.000730962,0.001
509,GLU,GLU,1.41402675,1.302043,-0.111983749999999,0.111983749999999,-0.03620122,A,0,1.302043,1.37782553,0.1575,0.0001268536,0.001
510,ALA,ALA,1.4633115,1.34002675,-0.123284749999999,0.123284749999999,-0.1612426,A,0,1.34002675,1.3020689,0.1675,3.597526E-05,0.001
511,LEU,LEU,1.44507325,1.32542725,-0.119646000000001,0.119646000000001,-0.1422764,A,0,1.32542725,1.30279685,0.165,4.949853E-05,0.001
512,CYX,CYX,1.51990725,1.3857605,-0.13414675,0.13414675,-0.09518272,A,0,1.3857605,1.42472453,0.1775,9.591608E-06,0.001
513,GLN,GLN,1.6508965,1.48559025,-0.165306250000002,0.165306250000002,-0.2018925,A,0,1.48559025,1.449004,0.2025,2.577529E-07,0.001
514,ALA,ALA,1.72420375,1.4995445,-0.224659249999999,0.224659249999999,-0.3395755,A,0,1.4995445,1.38462825,0.255,3.242753E-11,0.001
515,ALA,ALA,1.7626635,1.5427035,-0.21996,0.21996,-0.3474372,A,0,1.5427035,1.4152263,0.25,8.237254E-11,0.001
516,LYS,LYS,1.9189895,1.6825585,-0.236430999999998,0.236430999999998,-0.2813016,A,0,1.6825585,1.6376879,0.255,3.242753E-11,0.001
517,HIE,HIE,1.913272,1.680005,-0.233266999999998,0.233266999999998,-0.4259082,A,0,1.680005,1.4873638,0.2725,9.214233E-13,0.001
518,GLU,GLU,2.15660425,1.87514275,-0.281461500000003,0.281461500000003,-0.3185987,A,0,1.87514275,1.83800555,0.3025,1.002364E-15,0.001
519,GLY,GLY,1.9067125,1.6350765,-0.271636000000001,0.271636000000001,-0.5309186,A,0,1.6350765,1.3757939,0.3075,1.000916E-15,0.001
520,PRO,PRO,1.693546,1.49681,-0.196736000000001,0.196736000000001,-0.2676606,A,0,1.49681,1.4258854,0.245,2.07214E-10,0.001
521,LEU,LEU,1.5187475,1.3822205,-0.136527000000001,0.136527000000001,-0.2428243,A,0,1.3822205,1.2759232,0.205,1.749548E-07,0.001
522,HIE,HIE,1.5049735,1.3415045,-0.163469000000001,0.163469000000001,-0.4006161,A,0,1.3415045,1.1043574,0.27,1.556422E-12,0.001
523,LYS,LYS,1.59825725,1.3955645,-0.202692750000002,0.202692750000002,-0.3800541,A,0,1.3955645,1.21820315,0.295,6.522423E-15,0.001
524,CYX,CYX,1.555222,1.366453,-0.188769,0.188769,-0.4817495,A,0,1.366453,1.0734725,0.285,6.17456E-14,0.001
525,ASP,ASP,1.587204,1.3960245,-0.1911795,0.1911795,-0.3479517,A,0,1.3960245,1.2392523,0.295,6.522423E-15,0.001
526,ILE,ILE,1.52208475,1.3515965,-0.170488249999997,0.170488249999997,-0.3939664,A,0,1.3515965,1.12811835,0.28,1.836521E-13,0.001
527,SER,SER,1.599465,1.40873975,-0.190725250000001,0.190725250000001,-0.4201985,A,0,1.40873975,1.1792665,0.29,1.980585E-14,0.001
528,ASN,ASN,1.78544775,1.5094305,-0.27601725,0.27601725,-0.533401,A,0,1.5094305,1.25204675,0.2825,1.075153E-13,0.001
529,SER,SER,1.7674235,1.500294,-0.267129499999999,0.267129499999999,-0.5825951,A,0,1.500294,1.1848284,0.305,1.000916E-15,0.001
530,THR,THR,1.713744,1.52438325,-0.189360750000004,0.189360750000004,-0.2352349,A,0,1.52438325,1.4785091,0.2325,1.963663E-09,0.001
531,GLU,GLU,1.73020375,1.620555,-0.109648750000001,0.109648750000001,-0.1488741,A,0,1.620555,1.58132965,0.1325,0.002142476,0.001
532,ALA,ALA,1.6092895,1.42787125,-0.18141825,0.18141825,-0.3102903,A,0,1.42787125,1.2989992,0.2375,8.062485E-10,0.001
533,GLY,GLY,1.5085315,1.3493795,-0.159152,0.159152,-0.4476615,A,0,1.3493795,1.06087,0.27,1.556422E-12,0.001
534,GLN,GLN,1.56714375,1.37245825,-0.194685499999999,0.194685499999999,-0.5641019,A,0,1.37245825,1.00304185,0.3,1.960619E-15,0.001
535,LYS,LYS,1.5377255,1.33928925,-0.19843625,0.19843625,-0.5141621,A,0,1.33928925,1.0235634,0.295,6.522423E-15,0.001
536,LEU,LEU,1.38630125,1.2322735,-0.15402775,0.15402775,-0.3173169,A,0,1.2322735,1.06898435,0.2525,5.134769E-11,0.001
537,PHE,PHE,1.40771275,1.22226775,-0.185445000000002,0.185445000000002,-0.4793886,A,0,1.22226775,0.92832415,0.3475,1.000916E-15,0.001
538,ASN,ASN,1.51322925,1.277137,-0.23609225,0.23609225,-0.7174246,A,0,1.277137,0.79580465,0.395,1.000916E-15,0.001
539,MET,MET,1.3733895,1.20292975,-0.170459750000001,0.170459750000001,-0.4167154,A,0,1.20292975,0.9566741,0.29,1.980585E-14,0.001
540,LEU,LEU,1.28649225,1.13057475,-0.155917500000001,0.155917500000001,-0.4211417,A,0,1.13057475,0.86535055,0.3175,1.000916E-15,0.001
541,ARG,ARG,1.3741085,1.15963225,-0.214476249999999,0.214476249999999,-0.7111736,A,0,1.15963225,0.6629349,0.3925,1.000916E-15,0.001
542,LEU,LEU,1.37758875,1.17045525,-0.207133500000001,0.207133500000001,-0.5969984,A,0,1.17045525,0.78059035,0.375,1.000916E-15,0.001
543,GLY,GLY,1.32319375,1.14412275,-0.179071,0.179071,-0.5498673,A,0,1.14412275,0.77332645,0.3475,1.000916E-15,0.001
544,LYS,LYS,1.33043625,1.12783675,-0.2025995,0.2025995,-0.8081722,A,0,1.12783675,0.52226405,0.3825,1.000916E-15,0.001
545,SER,SER,1.43745425,1.21964025,-0.217814,0.217814,-0.7582564,A,0,1.21964025,0.67919785,0.37,1.000916E-15,0.001
546,GLU,GLU,1.369704,1.21424375,-0.15546025,0.15546025,-0.6191782,A,0,1.21424375,0.7505258,0.32,1.000916E-15,0.001
547,PRO,PRO,1.3711025,1.22646975,-0.14463275,0.14463275,-0.5544431,A,0,1.22646975,0.8166594,0.275,5.43105E-13,0.001
548,TRP,TRP,1.301148,1.1816485,-0.119499499999998,0.119499499999998,-0.4635357,A,0,1.1816485,0.8376123,0.2525,5.134769E-11,0.001
549,THR,THR,1.37083275,1.254721,-0.116111749999999,0.116111749999999,-0.2100373,A,0,1.254721,1.16079545,0.1975,5.498634E-07,0.001
550,LEU,LEU,1.42126625,1.294275,-0.12699125,0.12699125,-0.321973,A,0,1.294275,1.09929325,0.225,7.007912E-09,0.001
551,ALA,ALA,1.363424,1.248106,-0.115317999999998,0.115317999999998,-0.4023261,A,0,1.248106,0.9610979,0.245,2.07214E-10,0.001
552,LEU,LEU,1.3767755,1.2552025,-0.121572999999998,0.121572999999998,-0.2969894,A,0,1.2552025,1.0797861,0.215,3.622593E-08,0.001
553,GLU,GLU,1.518834,1.36777375,-0.15106025,0.15106025,-0.2493835,A,0,1.36777375,1.2694505,0.185,3.386296E-06,0.001
554,ASN,ASN,1.54166075,1.4121345,-0.129526250000002,0.129526250000002,-0.1340791,A,0,1.4121345,1.40758165,0.165,4.949853E-05,0.001
555,VAL,VAL,1.50668525,1.378553,-0.12813225,0.12813225,-0.1687817,A,0,1.378553,1.33790355,0.175,1.342052E-05,0.001
556,VAL,VAL,1.54251775,1.40005325,-0.142464499999998,0.142464499999998,-0.2113213,A,0,1.40005325,1.33119645,0.2225,1.068969E-08,0.001
557,GLY,GLY,1.72550275,1.59781375,-0.127689000000001,0.127689000000001,-0.1845848,A,0,1.59781375,1.54091795,0.135,0.001653537,0.001
558,ALA,ALA,1.57669675,1.46350175,-0.113194999999999,0.113194999999999,-0.1011668,A,0,1.46350175,1.47552995,0.1325,0.002142476,0.001
559,LYS,LYS,1.4774015,1.38291075,-0.094490750000002,0.094490750000002,-0.09889041,A,0,1.38291075,1.37851109,0.1125,0.01456633,0.001
560,ASN,ASN,1.40961125,1.37290225,-0.036709000000001,0.036709000000001,-0.09474142,A,0,1.37290225,1.31486983,0.0925,0.07149809,-0.001
561,MET,MET,1.392855,1.34264675,-0.050208249999999,0.050208249999999,-0.06828257,A,0,1.34264675,1.32457243,0.09,0.08518015,-0.001
562,ASN,ASN,1.362579,1.29763875,-0.06494025,0.06494025,-0.05629083,A,0,1.29763875,1.30628817,0.1325,0.002142476,0.001
563,VAL,VAL,1.377183,1.303365,-0.073818000000001,0.073818000000001,-0.1444617,A,0,1.303365,1.2327213,0.145,0.0005563916,0.001
564,ARG,ARG,1.431064,1.3396955,-0.091368500000001,0.091368500000001,-0.08041325,A,0,1.3396955,1.35065075,0.165,4.949853E-05,0.001
565,PRO,PRO,1.37704275,1.29933525,-0.077707500000002,0.077707500000002,-0.02396566,A,0,1.29933525,1.35307709,0.1225,0.005801614,0.001
566,LEU,LEU,1.35059625,1.27807425,-0.072521999999999,0.072521999999999,-0.1166601,A,0,1.27807425,1.23393615,0.1225,0.005801614,0.001
567,LEU,LEU,1.446226,1.34623775,-0.099988249999999,0.099988249999999,-0.03106497,A,0,1.34623775,1.41516103,0.1425,0.000730962,0.001
568,ASN,ASN,1.48596175,1.37346775,-0.112494000000002,0.112494000000002,-0.1274376,A,0,1.37346775,1.35852415,0.1575,0.0001268536,0.001
569,TYR,TYR,1.42425775,1.31528075,-0.108977000000001,0.108977000000001,-0.1310092,A,0,1.31528075,1.29324855,0.155,0.0001718787,0.001
570,PHE,PHE,1.4520325,1.3392285,-0.112803999999998,0.112803999999998,-0.0729524,A,0,1.3392285,1.3790801,0.155,0.0001718787,0.001
571,GLU,GLU,1.576881,1.43335025,-0.143530750000001,0.143530750000001,-0.1984008,A,0,1.43335025,1.3784802,0.205,1.749548E-07,0.001
572,PRO,PRO,1.6288165,1.470096,-0.1587205,0.1587205,-0.1888843,A,0,1.470096,1.4399322,0.205,1.749548E-07,0.001
573,LEU,LEU,1.57500375,1.4268625,-0.148141250000001,0.148141250000001,-0.2471936,A,0,1.4268625,1.32781015,0.1825,4.818035E-06,0.001
574,PHE,PHE,1.6250555,1.4640545,-0.161001000000002,0.161001000000002,-0.07088939,A,0,1.4640545,1.55416611,0.2,3.789819E-07,0.001
575,THR,THR,1.74865525,1.55980475,-0.188850500000001,0.188850500000001,-0.1852724,A,0,1.55980475,1.56338285,0.2125,5.413194E-08,0.001
576,TRP,TRP,1.734763,1.55550025,-0.179262750000001,0.179262750000001,-0.3896162,A,0,1.55550025,1.3451468,0.2025,2.577529E-07,0.001
577,LEU,LEU,1.7124365,1.538459,-0.1739775,0.1739775,-0.1929289,A,0,1.538459,1.5195076,0.1875,2.368835E-06,0.001
578,LYS,LYS,1.86311125,1.658665,-0.204446250000002,0.204446250000002,-0.1805375,A,0,1.658665,1.68257375,0.2025,2.577529E-07,0.001
579,ASP,ASP,1.959239,1.75905875,-0.200180249999999,0.200180249999999,-0.2683576,A,0,1.75905875,1.6908814,0.19,1.662281E-06,0.001
580,GLN,GLN,1.9185295,1.75146175,-0.167067749999999,0.167067749999999,-0.09499231,A,0,1.75146175,1.82353719,0.165,4.949853E-05,0.001
581,ASN,ASN,1.96079225,1.73452825,-0.226264000000002,0.226264000000002,-0.2038854,A,0,1.73452825,1.75690685,0.2225,1.068969E-08,0.001
582,LYS,LYS,2.13729675,1.930202,-0.207094749999997,0.207094749999997,-0.1563629,A,0,1.930202,1.98093385,0.2,3.789819E-07,0.001
583,ASN,ASN,2.19925975,2.016802,-0.182457749999999,0.182457749999999,-0.1074556,A,0,2.016802,2.09180415,0.1825,4.818035E-06,0.001
584,SER,SER,1.96516925,1.83433275,-0.130836500000002,0.130836500000002,-0.22496,A,0,1.83433275,1.74020925,0.19,1.662281E-06,0.001
585,PHE,PHE,1.8589,1.72721375,-0.131686249999996,0.131686249999996,-0.1375332,A,0,1.72721375,1.7213668,0.17,2.596274E-05,0.001
586,VAL,VAL,1.80672575,1.578177,-0.228548749999999,0.228548749999999,-0.4260815,A,0,1.578177,1.38064425,0.3,1.960619E-15,0.001
587,GLY,GLY,1.70192,1.49153575,-0.210384249999999,0.210384249999999,-0.5298156,A,0,1.49153575,1.1721044,0.2925,1.15699E-14,0.001
588,TRP,TRP,1.72794025,1.5240285,-0.203911750000001,0.203911750000001,-0.2632923,A,0,1.5240285,1.46464795,0.2725,9.214233E-13,0.001
589,SER,SER,1.808248,1.61092175,-0.19732625,0.19732625,-0.2568052,A,0,1.61092175,1.5514428,0.2675,2.61711E-12,0.001
590,THR,THR,1.84450325,1.76905575,-0.075447499999999,0.075447499999999,-0.09600762,A,0,1.76905575,1.74849563,0.115,0.01164279,0.001
591,ASP,ASP,1.98750375,1.92476175,-0.062742000000003,0.062742000000003,0.04167729,A,0,1.96643904,1.98750375,0.08,0.162977,-0.001
592,TRP,TRP,1.887174,1.7528885,-0.1342855,0.1342855,-0.1994501,A,0,1.7528885,1.6877239,0.1625,6.777371E-05,0.001
593,SER,SER,1.912375,1.72408425,-0.188290749999998,0.188290749999998,-0.2862905,A,0,1.72408425,1.6260845,0.205,1.749548E-07,0.001
594,PRO,PRO,2.02698025,1.78296875,-0.244011499999999,0.244011499999999,-0.3037862,A,0,1.78296875,1.72319405,0.2475,1.308908E-10,0.001
595,TYR,TYR,2.18008725,1.927623,-0.252464250000002,0.252464250000002,-0.218367,A,0,1.927623,1.96172025,0.22,1.601212E-08,0.001
596,ALA,ALA,2.450639,2.366085,-0.084554000000002,0.084554000000002,-0.1814777,A,0,2.366085,2.2691613,0.1225,0.005801614,0.001
