pos_ref,res_ref,res_query,flux_ref_avg,flux_query_avg,delta_flux,abs_delta_flux,KLdivergence,chain
1,ASP,ASP,2.79089862671661,3.1174925093633,0.326593882646687,0.326593882646687,0,A
2,ASP,ASP,2.263582875,2.47765975,0.214076875000001,0.214076875000001,0.1938164,A
3,TRP,TRP,2.05084575,2.101908,0.051062249999998,0.051062249999998,0.09648854,A
4,GLU,GLU,2.137076125,2.193528875,0.056452750000001,0.056452750000001,0.01137288,A
5,ILE,ILE,2.187641625,2.206824625,0.019182999999998,0.019182999999998,-0.03830326,A
6,PRO,PRO,2.39146225,2.395671875,0.004209625,0.004209625,0.08337654,A
7,ASP,ASP,2.538114125,2.555200875,0.017086750000003,0.017086750000003,0.03397334,A
8,GLY,GLY,2.548329,2.625752,0.077422999999996,0.077422999999996,0.06529941,A
9,GLN,GLN,2.356856875,2.428705375,0.071848499999999,0.071848499999999,0.03081348,A
10,ILE,ILE,2.22527175,2.29710275,0.071831000000003,0.071831000000003,0.08754115,A
11,THR,THR,2.192410625,2.26333675,0.070926125000001,0.070926125000001,0.0465112,A
12,VAL,VAL,2.199340125,2.2494195,0.050079374999999,0.050079374999999,0.05133922,A
13,GLY,GLY,2.176358,2.202341125,0.025983125,0.025983125,0.09278042,A
14,GLN,GLN,2.09176,2.103303125,0.011543124999998,0.011543124999998,0.03088122,A
15,ARG,ARG,2.0360615,2.036051,-1.05000000063526E-05,1.05000000063526E-05,-0.01517487,A
16,ILE,ILE,1.904563875,1.900373125,-0.00419075,0.00419075,-0.05992807,A
17,GLY,GLY,1.83941575,1.83308825,-0.006327500000002,0.006327500000002,-0.06333165,A
18,SER,SER,1.856906125,1.873253,0.016346874999999,0.016346874999999,0.09111634,A
19,GLY,GLY,1.840090125,1.8803075,0.040217375000003,0.040217375000003,0.1141008,A
20,SER,SER,1.888121,1.969766625,0.081645624999999,0.081645624999999,0.0289224,A
21,PHE,PHE,1.837506,1.83155175,-0.005954249999999,0.005954249999999,-0.05325574,A
22,GLY,GLY,1.819630625,1.772784125,-0.046846499999997,0.046846499999997,-0.02472117,A
23,THR,THR,1.784822875,1.736489875,-0.048333000000004,0.048333000000004,-0.05274718,A
24,VAL,VAL,1.761821375,1.745007625,-0.016813749999999,0.016813749999999,-0.08477997,A
25,TYR,TYR,1.81512925,1.810349125,-0.004780124999995,0.004780124999995,-0.1076066,A
26,LYS,LYS,1.926117625,1.937806375,0.01168875,0.01168875,0.02182092,A
27,GLY,GLY,1.986147375,2.026982625,0.040835249999999,0.040835249999999,-0.004747465,A
28,LYS,LYS,2.114703625,2.186673,0.071969375000001,0.071969375000001,0.04117166,A
29,TRP,TRP,2.1478055,2.233847625,0.086042124999999,0.086042124999999,0.1510109,A
30,HIE,HIE,2.377350375,2.493446,0.116095625000001,0.116095625000001,0.07116927,A
31,GLY,GLY,2.191513375,2.293038,0.101524625,0.101524625,0.04818075,A
32,ASP,ASP,2.0066805,2.086777,0.080096500000002,0.080096500000002,0.06142462,A
33,VAL,VAL,1.839785125,1.877238875,0.037453749999997,0.037453749999997,-0.01055455,A
34,ALA,ALA,1.719862875,1.7352795,0.015416624999999,0.015416624999999,0.0502521,A
35,VAL,VAL,1.738535,1.731522375,-0.007012624999997,0.007012624999997,-0.08967463,A
36,LYS,LYS,1.720595875,1.678226125,-0.042369749999998,0.042369749999998,-0.06079771,A
37,MET,MET,1.822481375,1.75743,-0.065051375000005,0.065051375000005,-0.1100952,A
38,LEU,LEU,1.967058125,1.883103875,-0.083954250000001,0.083954250000001,-0.07864758,A
39,ASN,ASN,2.1706405,2.0995555,-0.071085000000004,0.071085000000004,-0.05604318,A
40,VAL,VAL,2.360068,2.201809375,-0.158258624999999,0.158258624999999,-0.1838875,A
41,THR,THR,2.7506655,2.444581,-0.306084500000001,0.306084500000001,-0.4272569,A
42,ALA,ALA,2.67573825,2.386554625,-0.289183625000001,0.289183625000001,-0.4185883,A
43,PRO,PRO,2.6890115,2.241939875,-0.447071625,0.447071625,-0.725166,A
44,THR,THR,2.5562815,2.20712125,-0.349160250000002,0.349160250000002,-0.5224608,A
45,PRO,PRO,2.574280125,2.219107875,-0.355172249999998,0.355172249999998,-0.4591878,A
46,GLN,GLN,2.4236885,2.08675175,-0.336936749999999,0.336936749999999,-0.4865818,A
47,GLN,GLN,2.17664775,1.9372135,-0.239434250000002,0.239434250000002,-0.2263152,A
48,LEU,LEU,2.178940375,1.938928375,-0.240012000000004,0.240012000000004,-0.3193647,A
49,GLN,GLN,2.168327625,1.89850575,-0.269821875000002,0.269821875000002,-0.321039,A
50,ALA,ALA,1.97880975,1.751235625,-0.227574125000001,0.227574125000001,-0.2734421,A
51,PHE,PHE,1.879721875,1.71956675,-0.160155124999999,0.160155124999999,-0.2375614,A
52,LYS,LYS,1.9613105,1.794577,-0.166733499999999,0.166733499999999,-0.262856,A
53,ASN,ASN,1.867886375,1.698877,-0.169009374999999,0.169009374999999,-0.2230545,A
54,GLU,GLU,1.711522125,1.590495375,-0.121026749999998,0.121026749999998,-0.1737825,A
55,VAL,VAL,1.756751,1.696543875,-0.060207125,0.060207125,-0.1120927,A
56,GLY,GLY,1.81114175,1.76572725,-0.045414500000001,0.045414500000001,-0.09738258,A
57,VAL,VAL,1.674013375,1.650591625,-0.023421750000001,0.023421750000001,-0.08692207,A
58,LEU,LEU,1.63520675,1.661088625,0.025881875000001,0.025881875000001,0.03861691,A
59,ARG,ARG,1.7665725,1.84066475,0.074092249999999,0.074092249999999,0.06595703,A
60,LYS,LYS,1.71581125,1.86883,0.153018750000002,0.153018750000002,0.2587977,A
61,THR,THR,1.63790025,1.811402,0.173501750000002,0.173501750000002,0.2274597,A
62,ARG,ARG,1.774548375,1.795623625,0.021075250000002,0.021075250000002,-0.01710016,A
63,HIE,HIE,1.682689,1.692097625,0.009408624999999,0.009408624999999,0.02787178,A
64,VAL,VAL,1.69896525,1.6830815,-0.015883750000002,0.015883750000002,-0.0667404,A
65,ASN,ASN,1.52961525,1.5234875,-0.006127750000004,0.006127750000004,-0.006867913,A
66,ILE,ILE,1.510427,1.526249125,0.015822125,0.015822125,0.01251294,A
67,LEU,LEU,1.51969425,1.54771125,0.028017000000001,0.028017000000001,0.04524755,A
68,LEU,LEU,1.62282675,1.666594375,0.043767624999999,0.043767624999999,0.1168674,A
69,PHE,PHE,1.67982325,1.74987275,0.070049500000001,0.070049500000001,0.06975958,A
70,MET,MET,1.82052525,1.890591375,0.070066124999998,0.070066124999998,0.1154008,A
71,GLY,GLY,1.80985975,1.842988375,0.033128624999996,0.033128624999996,0.08486137,A
72,TYR,TYR,1.91654925,1.93381125,0.017262,0.017262,0.03464338,A
73,SER,SER,2.034300875,2.08053,0.046229124999998,0.046229124999998,0.01578765,A
74,THR,THR,2.24502675,2.34086375,0.095836999999999,0.095836999999999,0.02253565,A
75,ALA,ALA,2.239305,2.321987875,0.082682874999999,0.082682874999999,0.007524014,A
76,PRO,PRO,2.244940625,2.328495125,0.083554499999999,0.083554499999999,0.08090497,A
77,GLN,GLN,2.06507075,2.1456525,0.080581749999997,0.080581749999997,0.05446234,A
78,LEU,LEU,1.9681745,1.974272375,0.006097875000003,0.006097875000003,0.02831796,A
79,ALA,ALA,1.86558425,1.84863925,-0.016945,0.016945,0.04302314,A
80,ILE,ILE,1.721942,1.715666625,-0.006275375000004,0.006275375000004,-0.1259751,A
81,VAL,VAL,1.69685925,1.71663425,0.019775,0.019775,0.07441853,A
82,THR,THR,1.666678,1.696087,0.029409,0.029409,0.08792043,A
83,GLN,GLN,1.710470375,1.7121615,0.001691124999998,0.001691124999998,0.0248465,A
84,TRP,TRP,1.77894775,1.785869,0.00692125,0.00692125,-0.03361025,A
85,CYS,CYS,1.76070875,1.73705225,-0.023656500000002,0.023656500000002,-0.03272537,A
86,GLU,GLU,1.895140125,1.809359125,-0.085780999999994,0.085780999999994,-0.04399781,A
87,GLY,GLY,1.79828075,1.77150325,-0.0267775,0.0267775,0.01296568,A
88,SER,SER,1.679322625,1.622164125,-0.057158499999996,0.057158499999996,-0.04151549,A
89,SER,SER,1.57447825,1.526174375,-0.048303875000003,0.048303875000003,-0.05626286,A
90,LEU,LEU,1.534839875,1.5059535,-0.028886375000002,0.028886375000002,-0.1069333,A
91,TYR,TYR,1.587781875,1.56917475,-0.018607124999999,0.018607124999999,-0.115078,A
92,HIE,HIE,1.718248625,1.695924875,-0.022323749999999,0.022323749999999,0.01570598,A
93,HIE,HIE,1.7612435,1.754380125,-0.006863374999999,0.006863374999999,-0.07321971,A
94,LEU,LEU,1.76366175,1.7821825,0.01852075,0.01852075,0.01943102,A
95,HIE,HIE,1.868714875,1.902578875,0.033864000000002,0.033864000000002,-0.008105337,A
96,ILE,ILE,1.97833075,2.00645775,0.028126999999998,0.028126999999998,0.0178999,A
97,ILE,ILE,2.051501625,2.070384875,0.018883250000001,0.018883250000001,0.04195911,A
98,GLU,GLU,2.049929,2.077324375,0.027395374999998,0.027395374999998,0.05654795,A
99,THR,THR,2.028187,2.036430375,0.008243375000002,0.008243375000002,0.1711469,A
100,LYS,LYS,2.1915365,2.198860625,0.007324125,0.007324125,0.08881944,A
101,PHE,PHE,2.060033875,2.040628125,-0.019405750000003,0.019405750000003,-0.1406107,A
102,GLU,GLU,2.037998625,2.016664375,-0.021334250000002,0.021334250000002,-0.07924924,A
103,MET,MET,1.985681875,1.97084725,-0.014834624999998,0.014834624999998,-0.05997992,A
104,ILE,ILE,1.987424375,1.9749605,-0.012463874999999,0.012463874999999,-0.1464869,A
105,LYS,LYS,1.848919,1.83539775,-0.013521249999996,0.013521249999996,-0.04423107,A
106,LEU,LEU,1.735336875,1.729636125,-0.005700749999999,0.005700749999999,-0.05788679,A
107,ILE,ILE,1.7440905,1.74088925,-0.00320125,0.00320125,-0.1671537,A
108,ASP,ASP,1.714260875,1.705485375,-0.008775499999999,0.008775499999999,-0.1747148,A
109,ILE,ILE,1.58307225,1.573566,-0.009506249999998,0.009506249999998,-0.07796605,A
110,ALA,ALA,1.54725725,1.547309875,5.26250000019157E-05,5.26250000019157E-05,0.158296,A
111,ARG,ARG,1.602940875,1.60709275,0.004151875,0.004151875,0.1320969,A
112,GLN,GLN,1.550457,1.545559125,-0.004897875,0.004897875,-0.09981921,A
113,THR,THR,1.45498075,1.453386625,-0.001594124999999,0.001594124999999,-0.1110444,A
114,ALA,ALA,1.5121565,1.526284,0.014127499999999,0.014127499999999,0.04465908,A
115,GLN,GLN,1.577832125,1.593460625,0.015628500000002,0.015628500000002,0.03347464,A
116,GLY,GLY,1.492698875,1.5038385,0.011139624999999,0.011139624999999,0.09449526,A
117,MET,MET,1.473961375,1.495595875,0.021634500000002,0.021634500000002,0.07350071,A
118,ASP,ASP,1.600062,1.638208125,0.038146124999997,0.038146124999997,0.07225134,A
119,TYR,TYR,1.61399675,1.6543525,0.040355750000003,0.040355750000003,0.1575921,A
120,LEU,LEU,1.55022525,1.5800185,0.029793249999998,0.029793249999998,0.1228062,A
121,HIE,HIE,1.634315625,1.677018,0.042702374999998,0.042702374999998,0.05356739,A
122,ALA,ALA,1.776732875,1.832253875,0.055520999999997,0.055520999999997,0.04268249,A
123,LYS,LYS,1.75686625,1.804585625,0.047719375,0.047719375,0.096677,A
124,SER,SER,1.736873875,1.786772125,0.049898250000002,0.049898250000002,0.05200257,A
125,ILE,ILE,1.58045725,1.606855,0.026397750000001,0.026397750000001,0.06586949,A
126,ILE,ILE,1.484487875,1.510009375,0.025521499999999,0.025521499999999,-0.006021551,A
127,HIE,HIE,1.38873975,1.402624,0.01388425,0.01388425,0.05357488,A
128,ARG,ARG,1.41956825,1.426800625,0.007232374999999,0.007232374999999,0.1086405,A
129,ASP,ASP,1.354454375,1.35080875,-0.003645625,0.003645625,-0.08849857,A
130,LEU,LEU,1.377401625,1.3394415,-0.037960125000001,0.037960125000001,-0.06136358,A
131,LYS,LYS,1.34343175,1.31520225,-0.0282295,0.0282295,-0.1624114,A
132,SER,SER,1.394056875,1.369261875,-0.024794999999999,0.024794999999999,-0.1093111,A
133,ASN,ASN,1.41596225,1.38615625,-0.029805999999998,0.029805999999998,-0.1031746,A
134,ASN,ASN,1.358806875,1.335870375,-0.022936499999998,0.022936499999998,-0.07082011,A
135,ILE,ILE,1.399185125,1.367008625,-0.032176500000001,0.032176500000001,-0.003334014,A
136,PHE,PHE,1.49496325,1.4468965,-0.048066750000002,0.048066750000002,0.004145262,A
137,LEU,LEU,1.65709275,1.590883625,-0.066209124999999,0.066209124999999,0.03174721,A
138,HIE,HIE,1.798812125,1.69617725,-0.102634874999997,0.102634874999997,-0.08857021,A
139,GLU,GLU,2.056383875,1.917732375,-0.138651499999998,0.138651499999998,-0.153497,A
140,ASP,ASP,2.0588725,1.9530325,-0.105839999999998,0.105839999999998,-0.04500211,A
141,LEU,LEU,2.036654875,1.958915875,-0.077739000000003,0.077739000000003,-0.1282312,A
142,THR,THR,1.762280125,1.697716375,-0.064563749999998,0.064563749999998,-0.003418905,A
143,VAL,VAL,1.567435,1.539789875,-0.027645125000001,0.027645125000001,-0.02787486,A
144,LYS,LYS,1.46077975,1.4446755,-0.016104250000001,0.016104250000001,-0.02474376,A
145,ILE,ILE,1.380776,1.36801325,-0.01276275,0.01276275,-0.04250453,A
146,GLY,GLY,1.358930125,1.3371425,-0.021787624999999,0.021787624999999,-0.03078649,A
147,ASP,ASP,1.464807375,1.366294875,-0.0985125,0.0985125,-0.1113346,A
148,PHE,PHE,1.532530375,1.488693625,-0.043836749999998,0.043836749999998,-0.06223701,A
149,GLY,GLY,1.57382225,1.6212535,0.047431250000003,0.047431250000003,0.09670786,A
150,LEU,LEU,1.61606325,1.667173375,0.051110125,0.051110125,0.09463893,A
151,ALA,ALA,1.657249875,1.823927875,0.166678000000001,0.166678000000001,0.246015,A
152,THR,THR,1.605325125,1.79009775,0.184772625000002,0.184772625000002,0.2965163,A
153,VAL,VAL,1.69265125,1.891335875,0.198684625000003,0.198684625000003,0.2782887,A
154,LYS,LYS,1.7313565,1.95026425,0.218907750000004,0.218907750000004,0.3100386,A
155,SER,SER,1.891003375,2.02602075,0.135017375000002,0.135017375000002,0.1424553,A
156,ARG,ARG,2.078937,2.105703875,0.026766874999999,0.026766874999999,0.1145182,A
157,TRP,TRP,2.407363,2.137550375,-0.269812625000005,0.269812625000005,-0.2743919,A
158,SER,SER,2.69484425,2.258732,-0.436112249999998,0.436112249999998,-0.5204587,A
159,GLY,GLY,2.945455625,2.45274475,-0.492710875000008,0.492710875000008,-0.5503851,A
160,SER,SER,3.20560325,2.509691625,-0.695911625000001,0.695911625000001,-0.8807883,A
161,HIE,HIE,2.7620745,2.532000875,-0.230073624999996,0.230073624999996,-0.218538,A
162,GLN,GLN,2.546425875,2.811844875,0.265419,0.265419,0.1858062,A
163,PHE,PHE,2.31329775,2.6542075,0.340909749999998,0.340909749999998,0.3636853,A
164,GLU,GLU,2.3877355,2.782996125,0.395260624999997,0.395260624999997,0.4798638,A
165,GLN,GLN,2.154200125,2.860242875,0.706042750000003,0.706042750000003,1.332874,A
166,LEU,LEU,1.953067,2.483552875,0.530485875000001,0.530485875000001,1.063944,A
167,SER,SER,1.813236125,2.294099375,0.480863250000002,0.480863250000002,1.067881,A
168,GLY,GLY,1.716959375,2.1263415,0.409382125,0.409382125,0.9043875,A
169,SER,SER,1.606894875,1.937577375,0.330682500000002,0.330682500000002,0.698199,A
170,ILE,ILE,1.613156,1.754072625,0.140916625,0.140916625,0.2313803,A
171,LEU,LEU,1.567306375,1.64452175,0.077215375000001,0.077215375000001,0.09907531,A
172,TRP,TRP,1.483235625,1.529940375,0.04670475,0.04670475,0.08947756,A
173,MET,MET,1.545738625,1.6315415,0.085802874999999,0.085802874999999,0.104738,A
174,ALA,ALA,1.612335,1.704193,0.091858,0.091858,0.1126448,A
175,PRO,PRO,1.763976375,1.869307125,0.10533075,0.10533075,0.1410939,A
176,GLU,GLU,1.81714425,1.907726875,0.090582624999999,0.090582624999999,0.194807,A
177,VAL,VAL,1.764939,1.85051175,0.085572750000001,0.085572750000001,0.05980963,A
178,ILE,ILE,1.8612155,1.957930125,0.096714624999997,0.096714624999997,0.07433497,A
179,ARG,ARG,2.04023525,2.123433125,0.083197874999998,0.083197874999998,0.05434075,A
180,MET,MET,2.085618875,2.14093625,0.055317375000001,0.055317375000001,-0.01239795,A
181,GLN,GLN,2.11465725,2.171204625,0.056547375,0.056547375,0.03695172,A
182,ASP,ASP,2.311396,2.355135375,0.043739374999998,0.043739374999998,0.1029204,A
183,LYS,LYS,2.3372835,2.397416375,0.060132875000002,0.060132875000002,0.1061404,A
184,ASN,ASN,2.0390545,2.123173875,0.084119374999998,0.084119374999998,0.02180211,A
185,PRO,PRO,1.842284875,1.92367475,0.081389875000003,0.081389875000003,0.1672107,A
186,TYR,TYR,1.74880575,1.845436,0.096630249999999,0.096630249999999,0.154871,A
187,SER,SER,1.656154125,1.71716125,0.061007124999998,0.061007124999998,0.09059432,A
188,PHE,PHE,1.611348875,1.650225375,0.038876499999999,0.038876499999999,0.1242776,A
189,GLN,GLN,1.595539125,1.642688875,0.047149749999998,0.047149749999998,0.141922,A
190,SER,SER,1.5026995,1.545573375,0.042873875,0.042873875,0.1109841,A
191,ASP,ASP,1.4081695,1.438987125,0.030817624999998,0.030817624999998,0.08096677,A
192,VAL,VAL,1.45651325,1.491901125,0.035387874999999,0.035387874999999,0.1084407,A
193,TYR,TYR,1.457151375,1.499776625,0.042625249999997,0.042625249999997,0.08462437,A
194,ALA,ALA,1.384911,1.410755875,0.025844874999998,0.025844874999998,-0.009136581,A
195,PHE,PHE,1.400394125,1.420054375,0.019660250000001,0.019660250000001,0.04208622,A
196,GLY,GLY,1.473681875,1.508844875,0.035163000000001,0.035163000000001,0.01649007,A
197,ILE,ILE,1.45327925,1.48971075,0.036431499999999,0.036431499999999,0.1071963,A
198,VAL,VAL,1.440526375,1.45685125,0.016324874999999,0.016324874999999,0.1388241,A
199,LEU,LEU,1.526184125,1.54519925,0.019015124999999,0.019015124999999,0.02532026,A
200,TYR,TYR,1.58839125,1.619063625,0.030672374999998,0.030672374999998,0.1228916,A
201,GLU,GLU,1.596193,1.617473625,0.021280625000003,0.021280625000003,0.124765,A
202,LEU,LEU,1.648729875,1.670306125,0.021576250000003,0.021576250000003,0.1133388,A
203,MET,MET,1.75952625,1.7922315,0.032705250000003,0.032705250000003,0.05558012,A
204,THR,THR,1.8339105,1.9059275,0.072017,0.072017,0.06318731,A
205,GLY,GLY,1.837394625,1.89039875,0.053004124999998,0.053004124999998,0.144935,A
206,GLN,GLN,1.7557025,1.813766875,0.058064375000002,0.058064375000002,0.02773574,A
207,LEU,LEU,1.74227125,1.80692425,0.064653000000001,0.064653000000001,0.05624888,A
208,PRO,PRO,1.75291475,1.839455875,0.086541125000001,0.086541125000001,0.03563247,A
209,TYR,TYR,1.926413375,2.058816,0.132402625000001,0.132402625000001,0.1159183,A
210,SER,SER,2.16887425,2.293047125,0.124172875000001,0.124172875000001,0.05925493,A
211,ASN,ASN,2.32771375,2.474574625,0.146860874999995,0.146860874999995,0.07383558,A
212,ILE,ILE,2.196909375,2.382499,0.185589625,0.185589625,0.2170003,A
213,ASN,ASN,2.347073875,2.620467125,0.273393250000002,0.273393250000002,0.2930083,A
214,ASN,ASN,2.205327375,2.3920385,0.186711125000004,0.186711125000004,0.1859548,A
215,ARG,ARG,2.097408,2.26268775,0.16527975,0.16527975,0.2060254,A
216,ASP,ASP,2.172266625,2.344176375,0.171909750000003,0.171909750000003,0.1929285,A
217,GLN,GLN,2.1201865,2.306230875,0.186044375000002,0.186044375000002,0.2095046,A
218,ILE,ILE,1.959471375,2.1236485,0.164177125000001,0.164177125000001,0.2019535,A
219,ILE,ILE,1.991012,2.151037125,0.160025124999997,0.160025124999997,0.189104,A
220,PHE,PHE,2.095930125,2.28834025,0.192410125000005,0.192410125000005,0.1596545,A
221,MET,MET,2.037487125,2.23084075,0.193353624999999,0.193353624999999,0.2083491,A
222,VAL,VAL,1.920508625,2.108474875,0.187966249999999,0.187966249999999,0.2234806,A
223,GLY,GLY,2.01048125,2.250796875,0.240315625,0.240315625,0.2120772,A
224,ARG,ARG,2.14413325,2.383416875,0.239283625000003,0.239283625000003,0.2853469,A
225,GLY,GLY,2.10181725,2.297849875,0.196032625,0.196032625,0.2419752,A
226,TYR,TYR,2.14941625,2.34865562500001,0.199239375000004,0.199239375000004,0.255437,A
227,LEU,LEU,1.987678125,2.148348375,0.160670250000001,0.160670250000001,0.2167965,A
228,SER,SER,1.89944225,2.050542,0.151099750000003,0.151099750000003,0.1360728,A
229,PRO,PRO,1.82648125,1.96115125,0.134670000000002,0.134670000000002,0.1701045,A
230,ASP,ASP,1.905684375,2.019682875,0.113998499999998,0.113998499999998,0.1140635,A
231,LEU,LEU,1.959966375,2.060511,0.100544624999999,0.100544624999999,0.08391101,A
232,SER,SER,2.094374,2.203691,0.109316999999998,0.109316999999998,0.1028186,A
233,LYS,LYS,1.993603625,2.085424375,0.09182075,0.09182075,0.1115484,A
234,VAL,VAL,1.992586875,2.061326875,0.06874,0.06874,0.08237828,A
235,ARG,ARG,2.052406125,2.110087125,0.057681000000003,0.057681000000003,0.10864,A
236,SER,SER,2.264787875,2.30763125,0.042843375,0.042843375,0.03374037,A
237,ASN,ASN,2.18153775,2.199288875,0.017751124999999,0.017751124999999,0.09656904,A
238,CYS,CYS,2.055621,2.077959625,0.022338625000001,0.022338625000001,0.04644647,A
239,PRO,PRO,2.040651875,2.057628375,0.016976500000001,0.016976500000001,0.01686573,A
240,LYS,LYS,2.08300825,2.107917375,0.024909124999998,0.024909124999998,0.05261305,A
241,ALA,ALA,1.99973025,2.02093375,0.021203500000005,0.021203500000005,0.03274858,A
242,MET,MET,1.853159125,1.87320475,0.020045625000002,0.020045625000002,0.0782008,A
243,LYS,LYS,1.870469125,1.901857375,0.031388250000004,0.031388250000004,0.07092211,A
244,ARG,ARG,1.892381375,1.93035075,0.037969374999999,0.037969374999999,0.09416024,A
245,LEU,LEU,1.76720175,1.804689375,0.037487624999999,0.037487624999999,0.0535107,A
246,MET,MET,1.6992955,1.744756875,0.045461375000005,0.045461375000005,0.1111107,A
247,ALA,ALA,1.7920485,1.84873475,0.05668625,0.05668625,0.07182421,A
248,GLU,GLU,1.763188625,1.81127875,0.048090124999997,0.048090124999997,0.03896767,A
249,CYS,CYS,1.631609875,1.680279125,0.048669250000001,0.048669250000001,0.05880144,A
250,LEU,LEU,1.692436,1.77244875,0.080012750000001,0.080012750000001,0.009104791,A
251,LYS,LYS,1.775918875,1.862607125,0.086688249999999,0.086688249999999,0.1231099,A
252,LYS,LYS,1.911316125,2.00650325,0.095187125000001,0.095187125000001,0.147069,A
253,LYS,LYS,1.94098075,2.0113255,0.07034475,0.07034475,0.12216,A
254,ARG,ARG,1.881585,1.942949125,0.061364125000002,0.061364125000002,0.09357863,A
255,ASP,ASP,2.022725,2.064106,0.041381000000005,0.041381000000005,0.1210919,A
256,GLU,GLU,1.96251525,2.01748675,0.054971500000003,0.054971500000003,0.0791647,A
257,ARG,ARG,1.8079415,1.8569305,0.048988999999998,0.048988999999998,0.08644921,A
258,PRO,PRO,1.7574655,1.798655125,0.041189624999996,0.041189624999996,0.08638319,A
259,LEU,LEU,1.72008725,1.75879025,0.038702999999999,0.038702999999999,0.08655876,A
260,PHE,PHE,1.66314175,1.691541,0.02839925,0.02839925,0.1275997,A
261,PRO,PRO,1.81848325,1.850368375,0.031885125000003,0.031885125000003,0.02242389,A
262,GLN,GLN,1.84064175,1.873767875,0.033126125,0.033126125,0.110423,A
263,ILE,ILE,1.731228125,1.749174875,0.017946750000001,0.017946750000001,0.2013539,A
264,LEU,LEU,1.77768675,1.79005625,0.0123695,0.0123695,0.1067163,A
265,ALA,ALA,1.934074125,1.95694575,0.022871625000002,0.022871625000002,0.09992422,A
266,SER,SER,1.90270775,1.929946625,0.027238875000001,0.027238875000001,0.1758179,A
267,ILE,ILE,1.845885,1.857505125,0.011620124999999,0.011620124999999,0.1760833,A
268,GLU,GLU,1.992929875,2.005487375,0.012557500000002,0.012557500000002,0.121629,A
269,LEU,LEU,2.1113485,2.146964625,0.035616125000001,0.035616125000001,0.1088608,A
270,LEU,LEU,2.065710375,2.095930625,0.030220250000001,0.030220250000001,0.1705807,A
271,ALA,ALA,2.12650725,2.1361215,0.009614250000002,0.009614250000002,0.1235208,A
272,ARG,ARG,2.341609875,2.357702125,0.01609225,0.01609225,0.09409776,A
273,SER,SER,2.4083675,2.443092875,0.034725374999999,0.034725374999999,0.02024872,A
274,LEU,LEU,2.422310875,2.472943625,0.050632749999998,0.050632749999998,0.158717,A
275,PRO,PRO,2.743801375,2.80657975,0.062778374999996,0.062778374999996,0.03996356,A
276,LYS,LYS,3.46741625,3.161956375,-0.305459875000001,0.305459875000001,-0.139714,A
