pos_ref,res_ref,res_query,flux_ref_avg,flux_query_avg,delta_flux,abs_delta_flux,KLdivergence,chain,zero_line,KL_lower,KL_upper,d_value,p_value,d_color
1,SER,SER,3.51552668329177,4.66277755610973,-1.14725087281796,1.14725087281796,-0.08,A,0,3.43552668329177,4.66277755610973,0.42105,3.128976E-16,0.001
2,GLY,GLY,2.82695275,3.504556,-0.677603249999994,0.677603249999994,-0.7986479,A,0,2.02830485,3.504556,0.35,3.128976E-16,0.001
3,ILE,ILE,2.4002415,2.90105875,-0.50081725,0.50081725,-0.7320651,A,0,1.6681764,2.90105875,0.3475,3.128976E-16,0.001
4,VAL,VAL,2.186319,2.60996225,-0.423643250000001,0.423643250000001,-0.5873793,A,0,1.5989397,2.60996225,0.34,3.128976E-16,0.001
5,PRO,PRO,1.9776685,2.3727265,-0.395057999999999,0.395057999999999,-0.6870839,A,0,1.2905846,2.3727265,0.345,3.128976E-16,0.001
6,GLN,GLN,1.83550375,2.22477825,-0.389274500000001,0.389274500000001,-0.8199681,A,0,1.01553565,2.22477825,0.3675,3.128976E-16,0.001
7,LEU,LEU,1.74675175,2.13878125,-0.3920295,0.3920295,-0.9335602,A,0,0.81319155,2.13878125,0.3975,3.128976E-16,0.001
8,GLN,GLN,1.6077915,2.02969375,-0.421902250000001,0.421902250000001,-1.250518,A,0,0.3572735,2.02969375,0.4225,3.128976E-16,0.001
9,ASN,ASN,1.53472625,1.92242625,-0.387699999999999,0.387699999999999,-1.206828,A,0,0.32789825,1.92242625,0.435,3.128976E-16,0.001
10,ILE,ILE,1.593911,1.93232275,-0.338411750000001,0.338411750000001,-0.9635972,A,0,0.6303138,1.93232275,0.3675,3.128976E-16,0.001
11,VAL,VAL,1.57097475,1.953796,-0.382821249999998,0.382821249999998,-1.110102,A,0,0.46087275,1.953796,0.39,3.128976E-16,0.001
12,SER,SER,1.6517725,2.021236,-0.369463500000002,0.369463500000002,-0.8747707,A,0,0.7770018,2.021236,0.385,3.128976E-16,0.001
13,THR,THR,1.79062975,2.2078825,-0.417252749999998,0.417252749999998,-0.7727437,A,0,1.01788605,2.2078825,0.3575,3.128976E-16,0.001
14,VAL,VAL,1.91493675,2.32281175,-0.407875,0.407875,-0.6422758,A,0,1.27266095,2.32281175,0.3325,3.128976E-16,0.001
15,ASN,ASN,2.13179575,2.538859,-0.40706325,0.40706325,-0.4687518,A,0,1.66304395,2.538859,0.275,1.850936E-13,0.001
16,LEU,LEU,2.27446675,2.6708545,-0.396387749999999,0.396387749999999,-0.3773207,A,0,1.89714605,2.6708545,0.2575,7.183709E-12,0.001
17,GLY,GLY,2.51248125,2.968506,-0.456024750000001,0.456024750000001,-0.5004436,A,0,2.01203765,2.968506,0.2825,3.582613E-14,0.001
18,CYS,CYS,2.42021575,2.904736,-0.48452025,0.48452025,-0.770173,A,0,1.65004275,2.904736,0.325,3.128976E-16,0.001
19,LYS,LYS,2.4517545,2.952343,-0.500588500000001,0.500588500000001,-0.6645726,A,0,1.7871819,2.952343,0.3225,3.128976E-16,0.001
20,LEU,LEU,2.3483415,2.8345745,-0.486232999999999,0.486232999999999,-0.683582,A,0,1.6647595,2.8345745,0.3175,3.128976E-16,0.001
21,ASP,ASP,2.398983,2.8436155,-0.4446325,0.4446325,-0.7429821,A,0,1.6560009,2.8436155,0.29,6.574549E-15,0.001
22,LEU,LEU,2.2812785,2.739118,-0.457839499999997,0.457839499999997,-0.8185395,A,0,1.462739,2.739118,0.3075,3.128976E-16,0.001
23,LYS,LYS,2.4542665,2.92125775,-0.46699125,0.46699125,-0.8051721,A,0,1.6490944,2.92125775,0.3025,3.128976E-16,0.001
24,THR,THR,2.52430975,2.9202035,-0.395893750000003,0.395893750000003,-0.6154509,A,0,1.90885885,2.9202035,0.27,5.388646E-13,0.001
25,ILE,ILE,2.361464,2.71869025,-0.357226250000003,0.357226250000003,-0.6881155,A,0,1.6733485,2.71869025,0.27,5.388646E-13,0.001
26,ALA,ALA,2.384906,2.79563075,-0.410724749999998,0.410724749999998,-0.6599087,A,0,1.7249973,2.79563075,0.3025,3.128976E-16,0.001
27,LEU,LEU,2.6088425,3.0086545,-0.399812000000001,0.399812000000001,-0.53226,A,0,2.0765825,3.0086545,0.28,6.235167E-14,0.001
28,ARG,ARG,2.59918425,2.94740325,-0.348218999999999,0.348218999999999,-0.5400524,A,0,2.05913185,2.94740325,0.2575,7.183709E-12,0.001
29,ALA,ALA,2.475487,2.8118115,-0.336324499999999,0.336324499999999,-0.4485688,A,0,2.0269182,2.8118115,0.2475,5.275303E-11,0.001
30,ARG,ARG,2.412524,2.783561,-0.371037,0.371037,-0.3515489,A,0,2.0609751,2.783561,0.255,1.191763E-11,0.001
31,ASN,ASN,2.31541325,2.76112775,-0.445714499999998,0.445714499999998,-0.6878336,A,0,1.62757965,2.76112775,0.35,3.128976E-16,0.001
32,ALA,ALA,2.19786225,2.65726525,-0.459403000000002,0.459403000000002,-0.6927117,A,0,1.50515055,2.65726525,0.3075,3.128976E-16,0.001
33,GLU,GLU,2.06644675,2.5933275,-0.526880750000003,0.526880750000003,-1.135586,A,0,0.93086075,2.5933275,0.3825,3.128976E-16,0.001
34,TYR,TYR,2.16566975,2.803942,-0.638272250000001,0.638272250000001,-1.379254,A,0,0.78641575,2.803942,0.44,3.128976E-16,0.001
35,ASN,ASN,2.14663575,2.95867175,-0.812036,0.812036,-2.066358,A,0,0.08027775,2.95867175,0.5475,3.128976E-16,0.001
36,PRO,PRO,2.216947,3.187566,-0.970619000000001,0.970619000000001,-2.739999,A,0,-0.523052,3.187566,0.63,3.128976E-16,0.001
37,LYS,LYS,2.249768,3.376187,-1.126419,1.126419,-3.131072,A,0,-0.881304,3.376187,0.6975,3.128976E-16,0.001
38,ARG,ARG,2.0640915,3.1230815,-1.05899,1.05899,-3.306842,A,0,-1.2427505,3.1230815,0.71,3.128976E-16,0.001
39,PHE,PHE,1.953063,2.825252,-0.872189000000001,0.872189000000001,-2.694929,A,0,-0.741866,2.825252,0.6325,3.128976E-16,0.001
40,ALA,ALA,1.966775,2.72614775,-0.759372749999996,0.759372749999996,-2.154768,A,0,-0.187993,2.72614775,0.58,3.128976E-16,0.001
41,ALA,ALA,1.88253875,2.48660275,-0.604063999999997,0.604063999999997,-1.622298,A,0,0.26024075,2.48660275,0.4875,3.128976E-16,0.001
42,VAL,VAL,1.8763765,2.34381825,-0.467441749999999,0.467441749999999,-1.081016,A,0,0.7953605,2.34381825,0.3775,3.128976E-16,0.001
43,ILE,ILE,1.8549475,2.30842875,-0.453481249999999,0.453481249999999,-1.100704,A,0,0.7542435,2.30842875,0.365,3.128976E-16,0.001
44,MET,MET,1.83337325,2.2120615,-0.378688250000001,0.378688250000001,-0.8347983,A,0,0.99857495,2.2120615,0.335,3.128976E-16,0.001
45,ARG,ARG,1.93715425,2.3125015,-0.375347249999999,0.375347249999999,-0.6165592,A,0,1.32059505,2.3125015,0.3175,3.128976E-16,0.001
46,ILE,ILE,1.98272325,2.3679175,-0.385194250000002,0.385194250000002,-0.7195124,A,0,1.26321085,2.3679175,0.34,3.128976E-16,0.001
47,ARG,ARG,2.12074975,2.57128025,-0.450530500000002,0.450530500000002,-0.8194582,A,0,1.30129155,2.57128025,0.4025,3.128976E-16,0.001
48,GLU,GLU,2.165595,2.58179825,-0.416203250000002,0.416203250000002,-0.8455108,A,0,1.3200842,2.58179825,0.395,3.128976E-16,0.001
49,PRO,PRO,2.008265,2.3951,-0.386834999999999,0.386834999999999,-0.6676999,A,0,1.3405651,2.3951,0.4,3.128976E-16,0.001
50,ARG,ARG,1.8719015,2.28854925,-0.41664775,0.41664775,-0.9132397,A,0,0.9586618,2.28854925,0.4125,3.128976E-16,0.001
51,THR,THR,1.74311775,2.12690675,-0.383789,0.383789,-0.8405541,A,0,0.90256365,2.12690675,0.4075,3.128976E-16,0.001
52,THR,THR,1.64191775,2.02108025,-0.379162500000002,0.379162500000002,-1.024778,A,0,0.61713975,2.02108025,0.4025,3.128976E-16,0.001
53,ALA,ALA,1.6855915,2.06027175,-0.374680249999998,0.374680249999998,-0.942619,A,0,0.7429725,2.06027175,0.35,3.128976E-16,0.001
54,LEU,LEU,1.700029,2.11022175,-0.41019275,0.41019275,-0.9353858,A,0,0.7646432,2.11022175,0.38,3.128976E-16,0.001
55,ILE,ILE,1.84931375,2.280313,-0.43099925,0.43099925,-0.7995016,A,0,1.04981215,2.280313,0.3675,3.128976E-16,0.001
56,PHE,PHE,1.96776,2.4697935,-0.502033499999998,0.502033499999998,-0.8982586,A,0,1.0695014,2.4697935,0.395,3.128976E-16,0.001
57,SER,SER,2.157789,2.727357,-0.569568000000003,0.569568000000003,-1.011889,A,0,1.1459,2.727357,0.4175,3.128976E-16,0.001
58,SER,SER,2.1884835,2.78076825,-0.592284749999998,0.592284749999998,-1.228069,A,0,0.9604145,2.78076825,0.43,3.128976E-16,0.001
59,GLY,GLY,2.128689,2.59700925,-0.468320249999999,0.468320249999999,-0.8896258,A,0,1.2390632,2.59700925,0.36,3.128976E-16,0.001
60,LYS,LYS,1.9395865,2.407901,-0.468314500000002,0.468314500000002,-0.8612876,A,0,1.0782989,2.407901,0.365,3.128976E-16,0.001
61,MET,MET,1.78872025,2.195694,-0.406973750000002,0.406973750000002,-0.7203059,A,0,1.06841435,2.195694,0.3475,3.128976E-16,0.001
62,VAL,VAL,1.65162225,2.037447,-0.385824750000001,0.385824750000001,-0.9688209,A,0,0.68280135,2.037447,0.3825,3.128976E-16,0.001
63,CYS,CYS,1.597972,1.94858275,-0.350610749999999,0.350610749999999,-0.877787,A,0,0.720185,1.94858275,0.3875,3.128976E-16,0.001
64,THR,THR,1.5514525,1.928212,-0.376759499999999,0.376759499999999,-0.9973002,A,0,0.5541523,1.928212,0.405,3.128976E-16,0.001
65,GLY,GLY,1.5768745,2.0081495,-0.431274999999998,0.431274999999998,-1.315493,A,0,0.2613815,2.0081495,0.485,3.128976E-16,0.001
66,ALA,ALA,1.65669775,2.04160625,-0.384908500000001,0.384908500000001,-0.9794512,A,0,0.67724655,2.04160625,0.41,3.128976E-16,0.001
67,LYS,LYS,1.7997025,2.2077145,-0.408011999999999,0.408011999999999,-1.074941,A,0,0.7247615,2.2077145,0.4125,3.128976E-16,0.001
68,SER,SER,1.856588,2.26219175,-0.40560375,0.40560375,-0.8405639,A,0,1.0160241,2.26219175,0.38,3.128976E-16,0.001
69,GLU,GLU,1.9342695,2.3242325,-0.389963000000001,0.389963000000001,-0.881122,A,0,1.0531475,2.3242325,0.3575,3.128976E-16,0.001
70,GLU,GLU,2.06772425,2.467008,-0.399283750000001,0.399283750000001,-0.6732958,A,0,1.39442845,2.467008,0.345,3.128976E-16,0.001
71,ASN,ASN,1.95322925,2.32626275,-0.373033500000002,0.373033500000002,-0.6777745,A,0,1.27545475,2.32626275,0.3425,3.128976E-16,0.001
72,SER,SER,1.84830925,2.18335125,-0.335041999999997,0.335041999999997,-0.679672,A,0,1.16863725,2.18335125,0.335,3.128976E-16,0.001
73,ARG,ARG,2.0032375,2.34444975,-0.341212250000001,0.341212250000001,-0.4902292,A,0,1.5130083,2.34444975,0.3,6.114915E-16,0.001
74,LEU,LEU,2.085339,2.4160615,-0.330722499999999,0.330722499999999,-0.5544666,A,0,1.5308724,2.4160615,0.285,2.060489E-14,0.001
75,ALA,ALA,1.9629725,2.2576065,-0.294634000000001,0.294634000000001,-0.533531,A,0,1.4294415,2.2576065,0.2875,1.171649E-14,0.001
76,ALA,ALA,1.97999275,2.2667585,-0.28676575,0.28676575,-0.4200298,A,0,1.55996295,2.2667585,0.26,4.368568E-12,0.001
77,ARG,ARG,2.168138,2.46617425,-0.29803625,0.29803625,-0.306674,A,0,1.861464,2.46617425,0.24,2.234101E-10,0.001
78,LYS,LYS,2.17798775,2.45630075,-0.278313,0.278313,-0.3349301,A,0,1.84305765,2.45630075,0.235,5.669075E-10,0.001
79,TYR,TYR,2.092364,2.357878,-0.265514000000002,0.265514000000002,-0.3263491,A,0,1.7660149,2.357878,0.235,5.669075E-10,0.001
80,ALA,ALA,2.227658,2.51635925,-0.288701250000001,0.288701250000001,-0.1569876,A,0,2.0706704,2.51635925,0.23,1.410171E-09,0.001
81,ARG,ARG,2.4017175,2.68297975,-0.281262249999997,0.281262249999997,-0.2533261,A,0,2.1483914,2.68297975,0.2475,5.275303E-11,0.001
82,VAL,VAL,2.38050875,2.6319885,-0.251479749999998,0.251479749999998,-0.3168802,A,0,2.06362855,2.6319885,0.2225,5.31916E-09,0.001
83,VAL,VAL,2.3907885,2.655678,-0.264889499999998,0.264889499999998,-0.163714,A,0,2.2270745,2.655678,0.2025,1.5394E-07,0.001
84,GLN,GLN,2.59576525,2.880531,-0.28476575,0.28476575,-0.1305827,A,0,2.46518255,2.880531,0.2225,5.31916E-09,0.001
85,LYS,LYS,2.72082125,2.99313025,-0.272309,0.272309,-0.1433496,A,0,2.57747165,2.99313025,0.2025,1.5394E-07,0.001
86,LEU,LEU,2.719118,2.99456675,-0.275448749999998,0.275448749999998,-0.0884122,A,0,2.6307058,2.99456675,0.195,4.98686E-07,0.001
87,GLY,GLY,2.83933925,3.154377,-0.315037750000002,0.315037750000002,-0.1791087,A,0,2.66023055,3.154377,0.1975,3.386842E-07,0.001
88,PHE,PHE,2.6645645,3.00419675,-0.339632250000002,0.339632250000002,-0.3704556,A,0,2.2941089,3.00419675,0.2375,3.578874E-10,0.001
89,PRO,PRO,2.7042485,3.08536625,-0.381117750000003,0.381117750000003,-0.3250874,A,0,2.3791611,3.08536625,0.2575,7.183709E-12,0.001
90,ALA,ALA,2.57404575,2.9115015,-0.337455749999996,0.337455749999996,-0.2181213,A,0,2.35592445,2.9115015,0.2225,5.31916E-09,0.001
91,LYS,LYS,2.4666665,2.82476275,-0.35809625,0.35809625,-0.3375745,A,0,2.129092,2.82476275,0.225,3.461386E-09,0.001
92,PHE,PHE,2.419698,2.783735,-0.364037000000001,0.364037000000001,-0.4084875,A,0,2.0112105,2.783735,0.265,1.549699E-12,0.001
93,LEU,LEU,2.282123,2.6991465,-0.417023500000003,0.417023500000003,-0.471649,A,0,1.810474,2.6991465,0.2775,1.073105E-13,0.001
94,ASP,ASP,2.18905525,2.660051,-0.470995749999998,0.470995749999998,-0.6821701,A,0,1.50688515,2.660051,0.3075,3.128976E-16,0.001
95,PHE,PHE,2.06875425,2.5120105,-0.44325625,0.44325625,-0.6374935,A,0,1.43126075,2.5120105,0.325,3.128976E-16,0.001
96,LYS,LYS,1.875914,2.313133,-0.437219000000002,0.437219000000002,-0.844465,A,0,1.031449,2.313133,0.3725,3.128976E-16,0.001
97,ILE,ILE,1.79622175,2.25281125,-0.456589499999999,0.456589499999999,-1.140251,A,0,0.65597075,2.25281125,0.43,3.128976E-16,0.001
98,GLN,GLN,1.65765725,2.17238175,-0.514724500000002,0.514724500000002,-1.658614,A,0,-0.00095675,2.17238175,0.5,3.128976E-16,0.001
99,ASN,ASN,1.57236175,2.00351075,-0.431149,0.431149,-1.272065,A,0,0.30029675,2.00351075,0.445,3.128976E-16,0.001
100,MET,MET,1.578484,1.95177225,-0.373288249999999,0.373288249999999,-0.9815632,A,0,0.5969208,1.95177225,0.4075,3.128976E-16,0.001
101,VAL,VAL,1.5586875,1.924696,-0.366008500000001,0.366008500000001,-0.9086948,A,0,0.6499927,1.924696,0.4325,3.128976E-16,0.001
102,GLY,GLY,1.6312995,1.9903965,-0.359097,0.359097,-0.8617322,A,0,0.7695673,1.9903965,0.385,3.128976E-16,0.001
103,SER,SER,1.748809,2.12538425,-0.376575249999999,0.376575249999999,-0.7681057,A,0,0.9807033,2.12538425,0.35,3.128976E-16,0.001
104,CYS,CYS,1.8807035,2.26320325,-0.382499749999998,0.382499749999998,-0.5945656,A,0,1.2861379,2.26320325,0.3075,3.128976E-16,0.001
105,ASP,ASP,2.09021075,2.509954,-0.41974325,0.41974325,-0.4691633,A,0,1.62104745,2.509954,0.3125,3.128976E-16,0.001
106,VAL,VAL,2.25356425,2.6986765,-0.445112250000002,0.445112250000002,-0.4593345,A,0,1.79422975,2.6986765,0.3275,3.128976E-16,0.001
107,LYS,LYS,2.41035825,2.96158225,-0.551223999999999,0.551223999999999,-0.6133745,A,0,1.79698375,2.96158225,0.37,3.128976E-16,0.001
108,PHE,PHE,2.373754,2.87558975,-0.501835750000001,0.501835750000001,-0.5153981,A,0,1.8583559,2.87558975,0.3475,3.128976E-16,0.001
109,PRO,PRO,2.40624825,2.91838725,-0.512138999999997,0.512138999999997,-0.6328318,A,0,1.77341645,2.91838725,0.3525,3.128976E-16,0.001
110,ILE,ILE,2.34850725,2.8362725,-0.487765250000001,0.487765250000001,-0.6399202,A,0,1.70858705,2.8362725,0.3325,3.128976E-16,0.001
111,ARG,ARG,2.3999455,2.894631,-0.4946855,0.4946855,-0.5560702,A,0,1.8438753,2.894631,0.3,6.114915E-16,0.001
112,LEU,LEU,2.3119975,2.819593,-0.507595499999999,0.507595499999999,-0.7532365,A,0,1.558761,2.819593,0.375,3.128976E-16,0.001
113,GLU,GLU,2.52355225,3.06202425,-0.538472000000003,0.538472000000003,-0.6100182,A,0,1.91353405,3.06202425,0.3675,3.128976E-16,0.001
114,GLY,GLY,2.577983,3.04932,-0.471337,0.471337,-0.4977016,A,0,2.0802814,3.04932,0.315,3.128976E-16,0.001
115,LEU,LEU,2.411372,2.86173575,-0.450363750000002,0.450363750000002,-0.7691271,A,0,1.6422449,2.86173575,0.34,3.128976E-16,0.001
116,VAL,VAL,2.4326145,2.992314,-0.5596995,0.5596995,-0.9112059,A,0,1.5214086,2.992314,0.42,3.128976E-16,0.001
117,LEU,LEU,2.6633575,3.23007125,-0.566713749999995,0.566713749999995,-0.8188569,A,0,1.8445006,3.23007125,0.4,3.128976E-16,0.001
118,THR,THR,2.665746,3.15143925,-0.485693250000001,0.485693250000001,-0.6842797,A,0,1.9814663,3.15143925,0.325,3.128976E-16,0.001
119,HIE,HIE,2.45574675,2.9166195,-0.460872750000001,0.460872750000001,-0.6205514,A,0,1.83519535,2.9166195,0.3525,3.128976E-16,0.001
120,GLN,GLN,2.4884475,3.0201365,-0.531688999999997,0.531688999999997,-0.9525707,A,0,1.5358768,3.0201365,0.395,3.128976E-16,0.001
121,GLN,GLN,2.45392975,2.991083,-0.537153249999997,0.537153249999997,-0.826927,A,0,1.62700275,2.991083,0.395,3.128976E-16,0.001
122,PHE,PHE,2.1983055,2.6856885,-0.487382999999995,0.487382999999995,-0.7612686,A,0,1.4370369,2.6856885,0.3975,3.128976E-16,0.001
123,SER,SER,2.19394725,2.716225,-0.522277749999998,0.522277749999998,-0.9786655,A,0,1.21528175,2.716225,0.425,3.128976E-16,0.001
124,SER,SER,2.076677,2.65984075,-0.583163750000002,0.583163750000002,-1.158866,A,0,0.917811,2.65984075,0.4975,3.128976E-16,0.001
125,TYR,TYR,2.17079,2.8751205,-0.704330500000001,0.704330500000001,-1.331104,A,0,0.839686,2.8751205,0.5175,3.128976E-16,0.001
126,GLU,GLU,2.15280825,2.97681675,-0.824008500000003,0.824008500000003,-1.819004,A,0,0.33380425,2.97681675,0.5775,3.128976E-16,0.001
127,PRO,PRO,2.22107075,3.13039825,-0.909327500000001,0.909327500000001,-2.335103,A,0,-0.11403225,3.13039825,0.61,3.128976E-16,0.001
128,GLU,GLU,2.3040035,3.38754225,-1.08353875,1.08353875,-3.019093,A,0,-0.7150895,3.38754225,0.6825,3.128976E-16,0.001
129,LEU,LEU,2.07829425,3.11657875,-1.0382845,1.0382845,-3.086228,A,0,-1.00793375,3.11657875,0.69,3.128976E-16,0.001
130,PHE,PHE,1.943627,2.77399725,-0.830370249999995,0.830370249999995,-2.329317,A,0,-0.38569,2.77399725,0.635,3.128976E-16,0.001
131,PRO,PRO,1.95374225,2.7062695,-0.752527250000002,0.752527250000002,-2.015317,A,0,-0.06157475,2.7062695,0.5975,3.128976E-16,0.001
132,GLY,GLY,1.872828,2.50627525,-0.633447250000003,0.633447250000003,-1.499654,A,0,0.373174,2.50627525,0.545,3.128976E-16,0.001
133,LEU,LEU,1.875411,2.3825605,-0.507149500000001,0.507149500000001,-0.9237293,A,0,0.9516817,2.3825605,0.4475,3.128976E-16,0.001
134,ILE,ILE,1.88053475,2.36929125,-0.488756499999999,0.488756499999999,-0.9733575,A,0,0.90717725,2.36929125,0.4625,3.128976E-16,0.001
135,TYR,TYR,1.887077,2.29910575,-0.41202875,0.41202875,-0.8722654,A,0,1.0148116,2.29910575,0.37,3.128976E-16,0.001
136,ARG,ARG,1.99879875,2.455554,-0.45675525,0.45675525,-0.8249212,A,0,1.17387755,2.455554,0.39,3.128976E-16,0.001
137,MET,MET,2.053739,2.483212,-0.429472999999998,0.429472999999998,-0.7633481,A,0,1.2903909,2.483212,0.35,3.128976E-16,0.001
138,ILE,ILE,2.2583075,2.74550425,-0.487196749999999,0.487196749999999,-0.7646608,A,0,1.4936467,2.74550425,0.3475,3.128976E-16,0.001
139,LYS,LYS,2.29976375,2.71151425,-0.411750500000001,0.411750500000001,-0.6275721,A,0,1.67219165,2.71151425,0.3175,3.128976E-16,0.001
140,PRO,PRO,2.13169175,2.52020175,-0.38851,0.38851,-0.5222249,A,0,1.60946685,2.52020175,0.3,6.114915E-16,0.001
141,ARG,ARG,2.0257995,2.47623725,-0.450437749999999,0.450437749999999,-0.767511,A,0,1.2582885,2.47623725,0.3475,3.128976E-16,0.001
142,ILE,ILE,1.85049825,2.248181,-0.397682749999998,0.397682749999998,-0.7397618,A,0,1.11073645,2.248181,0.35,3.128976E-16,0.001
143,VAL,VAL,1.70233925,2.10177625,-0.399437000000001,0.399437000000001,-1.002281,A,0,0.70005825,2.10177625,0.39,3.128976E-16,0.001
144,LEU,LEU,1.7259785,2.1124915,-0.386513000000002,0.386513000000002,-0.9142636,A,0,0.8117149,2.1124915,0.3925,3.128976E-16,0.001
145,LEU,LEU,1.70761325,2.114872,-0.40725875,0.40725875,-0.9603262,A,0,0.74728705,2.114872,0.3925,3.128976E-16,0.001
146,ILE,ILE,1.8382455,2.281595,-0.443349500000001,0.443349500000001,-0.7207958,A,0,1.1174497,2.281595,0.375,3.128976E-16,0.001
147,PHE,PHE,1.95152625,2.44202075,-0.490494499999999,0.490494499999999,-0.7391514,A,0,1.21237485,2.44202075,0.385,3.128976E-16,0.001
148,VAL,VAL,2.130903,2.70016775,-0.569264749999999,0.569264749999999,-0.8971741,A,0,1.2337289,2.70016775,0.4125,3.128976E-16,0.001
149,SER,SER,2.13156325,2.720042,-0.588478750000001,0.588478750000001,-1.035921,A,0,1.09564225,2.720042,0.435,3.128976E-16,0.001
150,GLY,GLY,2.066611,2.521041,-0.454429999999999,0.454429999999999,-0.6553576,A,0,1.4112534,2.521041,0.3475,3.128976E-16,0.001
151,LYS,LYS,1.89468,2.335974,-0.441294000000001,0.441294000000001,-0.6494853,A,0,1.2451947,2.335974,0.345,3.128976E-16,0.001
152,VAL,VAL,1.77821975,2.1582975,-0.38007775,0.38007775,-0.6732927,A,0,1.10492705,2.1582975,0.34,3.128976E-16,0.001
153,VAL,VAL,1.6522905,2.01887725,-0.366586749999999,0.366586749999999,-0.7472694,A,0,0.9050211,2.01887725,0.36,3.128976E-16,0.001
154,LEU,LEU,1.6061,1.9613915,-0.355291499999999,0.355291499999999,-0.8132048,A,0,0.7928952,1.9613915,0.37,3.128976E-16,0.001
155,THR,THR,1.5881425,1.9763835,-0.388241000000001,0.388241000000001,-1.063155,A,0,0.5249875,1.9763835,0.4225,3.128976E-16,0.001
156,GLY,GLY,1.659172,2.08866375,-0.429491749999999,0.429491749999999,-1.11927,A,0,0.539902,2.08866375,0.4125,3.128976E-16,0.001
157,ALA,ALA,1.71195575,2.10206225,-0.390106500000001,0.390106500000001,-0.9088962,A,0,0.80305955,2.10206225,0.3975,3.128976E-16,0.001
158,LYS,LYS,1.86060075,2.26932575,-0.408724999999999,0.408724999999999,-0.8734916,A,0,0.98710915,2.26932575,0.3975,3.128976E-16,0.001
159,VAL,VAL,1.947279,2.31892125,-0.371642249999998,0.371642249999998,-0.750806,A,0,1.196473,2.31892125,0.35,3.128976E-16,0.001
160,ARG,ARG,1.98757575,2.33798975,-0.350413999999999,0.350413999999999,-0.7730257,A,0,1.21455005,2.33798975,0.3125,3.128976E-16,0.001
161,ALA,ALA,2.13322225,2.4858445,-0.35262225,0.35262225,-0.6240831,A,0,1.50913915,2.4858445,0.295,2.123405E-15,0.001
162,GLU,GLU,2.01418725,2.3436525,-0.32946525,0.32946525,-0.5609872,A,0,1.45320005,2.3436525,0.2775,1.073105E-13,0.001
163,ILE,ILE,1.9263775,2.240577,-0.314199500000002,0.314199500000002,-0.5777786,A,0,1.3485989,2.240577,0.29,6.574549E-15,0.001
164,TYR,TYR,2.10918675,2.43346325,-0.324276500000001,0.324276500000001,-0.4151541,A,0,1.69403265,2.43346325,0.2675,9.161097E-13,0.001
165,GLU,GLU,2.1947515,2.51308775,-0.318336249999998,0.318336249999998,-0.4290077,A,0,1.7657438,2.51308775,0.24,2.234101E-10,0.001
166,ALA,ALA,2.07676825,2.37529875,-0.298530500000001,0.298530500000001,-0.4923231,A,0,1.58444515,2.37529875,0.25,3.250078E-11,0.001
167,PHE,PHE,2.11590725,2.41065325,-0.294745999999999,0.294745999999999,-0.2635817,A,0,1.85232555,2.41065325,0.225,3.461386E-09,0.001
168,GLU,GLU,2.3237145,2.635221,-0.3115065,0.3115065,-0.3282646,A,0,1.9954499,2.635221,0.2325,8.991988E-10,0.001
169,ASN,ASN,2.33786775,2.65007175,-0.312203999999998,0.312203999999998,-0.4743343,A,0,1.86353345,2.65007175,0.24,2.234101E-10,0.001
170,ILE,ILE,2.242663,2.53813875,-0.29547575,0.29547575,-0.3065719,A,0,1.9360911,2.53813875,0.1975,3.386842E-07,0.001
171,TYR,TYR,2.3329465,2.6449365,-0.311989999999998,0.311989999999998,-0.2626859,A,0,2.0702606,2.6449365,0.2025,1.5394E-07,0.001
172,PRO,PRO,2.543016,2.866692,-0.323676000000001,0.323676000000001,-0.2523358,A,0,2.2906802,2.866692,0.1925,7.306E-07,0.001
173,ILE,ILE,2.47557425,2.80064375,-0.325069499999998,0.325069499999998,-0.3574427,A,0,2.11813155,2.80064375,0.2025,1.5394E-07,0.001
174,LEU,LEU,2.39317325,2.7429725,-0.349799249999998,0.349799249999998,-0.309051,A,0,2.08412225,2.7429725,0.2175,1.267655E-08,0.001
175,LYS,LYS,2.5956735,2.97351125,-0.377837749999998,0.377837749999998,-0.3079638,A,0,2.2877097,2.97351125,0.2175,1.267655E-08,0.001
176,GLY,GLY,2.71460775,3.104037,-0.389429249999996,0.389429249999996,-0.4376923,A,0,2.27691545,3.104037,0.23,1.410171E-09,0.001
177,PHE,PHE,2.550396,2.9723785,-0.421982500000001,0.421982500000001,-0.5542667,A,0,1.9961293,2.9723785,0.27,5.388646E-13,0.001
178,ARG,ARG,2.647892,3.11983225,-0.471940249999999,0.471940249999999,-0.3345439,A,0,2.3133481,3.11983225,0.26,4.368568E-12,0.001
179,LYS,LYS,2.789104,3.32438475,-0.535280749999999,0.535280749999999,-0.376419,A,0,2.412685,3.32438475,0.2825,3.582613E-14,0.001
